Date	SBUX	QCOM	TXN	CHTR	AVGO	GILD	MDLZ	FISV	EAVA	VTEU	PWNR	APGW	SYJO	MMMG	YEKD	VYLJ	RWPR	WJLJ	KFOT	HSLS	JGDJ	UJYM	JQYA	HPSQ	OARH	NFDB	SNHZ	IULN	RAVM	CIYA	RHCG	LUAR	ESXN	OOSK	AAPL	MSFT	GOOG	AMZN	META	NFLX	TSLA	NVDA	CSCO	INTC	ADBE	PYPL	CMCSA	PEP	COST	TMUS
2020-01-01	59.00	35.00	47.00	46.00	86.00	49.00	89.00	94.00	27.00	79.00	43.00	79.00	87.00	89.00	43.00	34.00	54.00	50.00	93.00	76.00	88.00	58.00	20.00	16.00	21.00	78.00	28.00	72.00	67.00	57.00	87.00	30.00	25.00	93.00	43.00	14.00	30.00	15.00	17.00	41.00	52.00	55.00	88.00	78.00	100.00	16.00	77.00	17.00	47.00	83.00
2020-01-02	57.97	34.38	48.52	47.35	86.48	49.85	86.93	94.02	27.39	77.52	42.73	78.14	85.41	88.86	43.46	33.01	52.00	50.71	94.60	77.22	84.73	56.91	20.36	16.25	21.23	80.44	28.02	70.77	66.66	58.56	86.09	31.08	24.98	91.81	42.48	14.01	30.02	14.88	17.55	40.40	51.59	55.23	87.47	80.51	99.87	15.89	77.38	17.41	47.96	84.49
2020-01-03	57.24	34.91	48.50	47.91	86.58	50.63	84.88	92.67	27.67	75.99	41.67	77.22	84.08	90.87	44.78	32.10	50.45	51.07	91.22	77.08	81.61	56.36	19.91	16.41	21.79	79.77	28.15	70.77	67.87	56.98	85.24	32.38	25.59	93.19	43.41	14.22	29.10	15.12	17.72	39.82	53.39	55.19	85.41	80.46	103.45	15.45	78.86	16.76	46.84	87.17
2020-01-04	57.74	34.21	47.89	48.27	87.30	49.67	84.67	92.52	27.36	77.59	42.38	77.86	84.32	94.63	44.05	31.89	51.76	51.24	94.34	78.26	82.15	54.48	19.38	16.09	21.49	78.05	28.28	69.94	66.53	58.12	85.78	31.46	26.09	95.04	43.26	14.29	28.81	15.37	17.40	39.70	52.32	55.19	83.78	78.08	106.61	15.36	81.09	17.45	48.28	90.03
2020-01-05	58.79	34.81	48.18	49.00	86.82	49.91	83.29	93.53	26.81	74.82	41.55	78.05	85.05	90.62	45.43	30.60	52.26	51.37	97.24	78.86	79.27	55.22	18.83	16.47	22.28	78.81	27.95	69.33	66.55	57.55	84.36	31.90	25.03	95.39	42.40	14.37	28.64	15.58	17.82	40.79	50.74	56.03	81.51	79.23	109.35	15.52	81.73	17.73	46.92	89.75
2020-01-06	57.84	34.83	46.89	48.88	87.63	49.36	81.58	90.67	27.03	72.00	39.96	78.56	86.27	93.57	45.27	31.84	50.54	51.43	100.51	77.88	81.26	56.17	18.10	16.76	22.55	79.89	28.04	68.80	67.64	58.70	81.85	31.62	25.28	96.20	42.30	14.39	28.96	15.57	17.40	41.84	52.13	56.53	83.71	78.36	108.73	15.58	79.99	17.05	47.44	93.26
2020-01-07	58.45	35.32	47.22	50.13	88.01	48.77	82.92	93.30	27.24	70.35	38.69	77.89	85.81	96.91	44.81	32.89	49.65	51.86	99.55	77.20	83.67	56.89	18.69	16.32	23.23	76.73	27.81	69.94	67.94	59.30	79.61	30.91	24.26	97.28	42.14	14.49	28.04	15.51	17.15	41.05	50.44	56.54	83.79	76.68	106.40	15.53	77.58	17.27	47.08	94.16
2020-01-08	57.90	34.15	48.31	51.11	88.16	49.74	81.11	92.92	27.45	71.42	37.33	78.54	86.50	96.54	44.47	34.34	48.90	52.20	100.30	78.75	84.75	56.42	18.38	16.22	23.96	73.74	28.00	71.04	67.29	58.56	79.28	29.52	23.54	98.87	42.55	14.73	27.37	15.80	17.38	40.20	50.96	56.93	81.83	83.67	105.79	15.06	77.41	17.04	47.88	91.91
2020-01-09	57.71	33.56	49.47	51.82	88.57	49.67	83.52	91.98	27.53	73.27	38.49	78.98	85.01	99.04	45.01	32.88	48.95	53.08	101.02	77.65	85.92	56.49	18.00	16.08	23.99	72.31	27.88	72.32	67.30	58.22	79.05	29.13	23.14	99.88	43.13	14.78	27.67	16.13	17.45	38.86	52.71	57.34	81.45	85.70	102.26	15.07	77.54	16.73	46.43	90.26
2020-01-10	56.47	33.53	49.21	52.00	88.09	50.00	84.65	89.54	27.10	70.85	36.86	79.00	83.91	102.70	45.49	32.45	48.77	53.43	104.32	78.73	87.14	55.87	18.23	15.55	23.35	72.35	27.69	72.11	65.90	57.11	79.76	27.92	22.83	101.55	42.59	14.89	27.64	16.17	17.67	38.05	52.92	56.84	83.03	84.64	98.78	15.37	78.68	16.56	47.30	89.72
2020-01-11	55.26	32.32	49.12	52.86	88.59	50.89	82.89	92.31	27.54	68.60	36.55	78.46	82.47	101.58	46.74	31.90	49.50	52.60	106.43	79.03	84.26	56.63	18.08	15.81	23.41	71.26	27.71	71.60	65.26	58.65	77.23	28.49	22.05	103.42	42.69	15.15	27.31	16.06	17.68	37.72	52.07	56.82	84.35	86.66	101.31	15.03	78.00	16.38	46.23	91.34
2020-01-12	55.39	32.91	49.70	53.53	88.66	50.24	84.48	91.19	26.75	67.04	35.81	79.13	80.94	101.25	45.43	30.59	47.63	53.09	103.43	79.76	81.31	55.07	17.36	15.54	22.89	69.34	27.98	70.90	64.47	60.23	78.57	29.25	21.92	102.75	42.01	15.01	26.70	15.90	18.08	36.52	52.78	57.58	86.78	87.24	97.53	14.63	78.85	16.00	46.22	88.60
2020-01-13	55.71	34.21	50.66	54.77	88.29	50.11	82.92	93.77	26.14	68.85	36.90	78.72	81.39	96.92	46.40	30.68	46.66	52.64	102.13	80.03	84.10	54.29	17.37	16.10	22.33	68.74	28.06	71.78	64.88	59.45	76.41	28.89	21.52	102.86	42.82	15.15	26.84	16.14	18.23	37.46	52.29	56.92	88.38	85.03	101.25	14.39	79.62	16.45	45.37	86.72
2020-01-14	56.49	33.80	52.26	56.58	88.03	49.51	82.30	96.50	26.33	69.97	36.88	78.17	81.58	92.92	46.81	30.70	45.97	53.49	101.72	81.64	83.96	52.67	17.98	16.58	22.96	66.86	27.84	72.63	65.06	57.08	74.05	29.06	21.88	102.73	41.97	15.36	26.03	15.79	18.34	37.17	52.09	57.39	90.33	84.47	104.03	14.74	78.26	15.96	45.46	85.75
2020-01-15	56.92	33.04	52.11	57.27	87.43	50.09	83.86	95.32	26.71	72.00	36.77	78.32	82.29	97.04	46.42	30.93	44.86	53.05	97.21	81.38	82.05	52.12	18.01	16.29	22.16	66.79	27.60	71.53	64.44	55.43	76.86	28.49	22.65	102.64	41.49	15.49	26.61	15.80	18.40	38.10	53.01	56.76	91.93	83.56	104.02	14.57	76.43	16.26	46.20	85.78
2020-01-16	55.70	32.86	52.14	55.76	86.70	50.31	82.63	97.63	26.82	69.31	36.09	77.71	83.33	99.38	45.92	29.90	45.71	53.82	95.69	81.50	82.09	52.82	17.45	16.34	22.53	66.06	27.75	70.97	64.76	54.37	79.78	27.15	22.85	104.49	40.76	15.39	26.10	15.60	18.98	37.93	50.80	57.27	93.51	86.02	101.28	14.52	75.64	16.12	47.14	83.88
2020-01-17	55.73	33.97	51.14	57.35	86.31	49.58	80.53	98.48	26.61	71.94	34.62	78.12	82.90	99.75	47.36	30.35	45.87	54.29	91.73	80.50	83.25	51.60	16.82	15.93	21.72	66.48	27.53	72.26	64.08	54.53	77.27	25.95	22.24	106.72	41.42	15.28	25.86	15.69	18.92	38.17	49.30	57.75	94.91	86.87	100.30	14.28	73.80	16.75	48.13	86.85
2020-01-18	55.34	34.91	51.45	59.11	86.30	50.32	79.21	98.36	26.03	69.91	33.59	78.19	82.11	98.34	47.56	29.57	46.80	54.46	94.70	79.62	83.02	50.58	17.18	16.36	22.14	63.85	27.77	73.27	62.87	56.47	77.49	24.96	21.90	104.93	40.60	15.10	26.19	15.65	18.48	38.92	47.28	57.33	94.01	85.42	102.12	14.35	73.65	16.47	47.61	90.18
2020-01-19	54.54	35.38	50.05	58.35	85.70	50.19	79.71	99.97	26.77	70.69	32.59	78.26	82.98	99.06	47.36	29.75	47.94	55.21	90.54	79.08	81.46	51.20	17.26	15.96	22.80	64.41	27.54	72.59	61.62	54.61	75.12	25.39	22.11	103.58	40.31	15.17	26.23	15.56	18.11	39.04	47.71	57.32	95.08	86.02	99.57	13.99	73.85	16.62	47.23	92.71
2020-01-20	53.75	34.24	49.67	56.94	87.01	49.83	81.14	101.81	27.56	73.48	33.91	77.38	81.44	101.81	48.43	29.44	47.64	55.98	88.53	79.23	79.92	49.73	17.49	16.45	23.14	65.71	27.46	71.58	61.05	54.08	76.13	25.79	22.19	102.39	40.31	15.31	27.03	15.86	17.63	39.61	46.53	58.23	97.34	87.54	96.55	13.69	72.80	16.18	46.51	96.52
2020-01-21	54.38	35.28	48.57	56.51	86.44	49.70	81.33	98.80	27.00	72.55	33.08	76.80	82.79	102.83	47.23	30.55	48.81	55.30	88.63	79.53	80.77	48.59	17.87	16.92	23.22	65.57	27.64	71.93	59.64	55.51	75.99	26.10	22.13	104.43	41.09	15.52	26.88	16.00	17.16	40.08	46.01	58.73	98.94	90.34	93.38	13.33	74.81	16.48	46.32	98.27
2020-01-22	53.91	35.01	48.20	55.50	86.99	48.67	83.26	98.02	26.77	73.91	34.26	76.90	82.87	102.02	46.64	29.56	48.06	55.05	91.81	79.45	78.83	47.55	17.54	17.30	24.12	66.02	27.86	72.06	59.13	53.47	77.47	26.34	21.47	103.10	41.43	15.76	27.73	16.31	16.65	40.50	46.84	59.55	97.60	88.40	96.40	13.41	74.54	15.90	46.48	99.44
2020-01-23	54.36	35.45	47.12	54.92	87.32	49.48	83.74	95.39	27.44	73.89	33.37	76.63	81.37	106.56	46.67	28.59	47.68	55.69	91.38	79.35	76.18	47.96	18.21	16.85	23.68	67.40	28.02	71.03	59.07	52.63	80.06	26.09	20.73	102.71	42.28	15.87	27.33	16.24	16.27	39.19	46.86	59.45	95.88	89.79	93.75	13.60	73.39	16.51	46.56	101.16
2020-01-24	55.39	34.38	47.16	56.24	88.01	50.39	85.96	100.48	27.73	71.77	34.74	75.76	82.43	103.86	47.48	28.46	49.10	56.28	95.23	78.44	77.60	47.80	17.75	17.01	24.43	70.03	27.93	72.21	58.96	54.08	81.12	25.67	19.96	102.84	43.11	15.78	26.74	16.12	16.29	39.86	47.96	59.10	93.87	91.43	97.18	13.42	72.20	17.13	45.39	98.50
2020-01-25	55.38	35.09	48.70	57.94	89.23	51.18	84.33	98.02	27.52	71.25	35.93	76.27	82.48	107.97	45.95	28.21	47.90	56.23	97.50	79.54	77.16	48.31	17.26	17.11	25.20	70.78	28.03	71.48	58.78	55.02	78.06	26.48	19.89	104.25	43.55	15.63	27.62	16.29	15.93	38.98	48.99	58.66	95.87	92.76	96.93	13.60	72.58	17.49	46.33	99.31
2020-01-26	54.33	36.55	49.68	58.29	90.60	50.53	86.28	97.90	27.22	72.40	35.41	75.79	83.88	105.81	44.78	27.54	47.23	55.82	99.54	81.01	78.49	48.69	17.66	17.54	25.45	71.03	28.06	72.01	59.55	54.43	79.56	27.69	19.62	106.10	43.38	15.68	28.54	16.50	16.17	37.96	50.39	58.46	96.89	94.58	95.89	13.24	74.76	18.17	45.75	100.74
2020-01-27	54.44	37.49	48.51	59.76	90.65	49.77	86.15	96.32	27.36	74.40	36.50	76.09	84.54	101.24	45.79	27.98	48.43	56.33	103.21	80.14	80.59	49.96	17.33	17.61	25.55	71.29	28.24	71.31	60.16	53.42	82.92	27.02	20.42	107.10	42.61	15.52	28.55	16.23	16.54	37.68	52.09	58.34	98.54	95.10	95.37	13.11	73.66	18.33	46.23	102.48
2020-01-28	54.51	36.36	49.05	60.51	90.40	48.79	84.65	96.57	27.77	74.46	36.21	75.58	86.03	97.40	44.12	27.08	48.65	55.76	102.87	79.49	81.93	50.69	16.77	17.93	24.75	71.21	28.11	70.31	59.47	52.05	80.67	28.22	21.03	107.59	41.80	15.65	28.63	16.28	17.04	36.67	50.90	58.83	96.21	93.78	98.48	13.50	74.38	20.01	45.82	103.67
2020-01-29	53.81	37.82	49.69	60.26	90.80	49.42	87.05	99.13	26.95	76.45	36.84	74.63	85.24	99.52	44.43	27.14	49.26	56.44	103.98	78.49	82.29	50.02	16.82	18.19	25.47	73.22	28.08	70.71	60.82	51.06	81.71	27.79	20.41	108.77	41.17	15.47	29.28	16.54	17.61	36.94	51.76	59.12	96.25	92.55	94.58	13.57	74.20	20.39	45.17	106.66
2020-01-30	53.64	39.19	49.04	61.53	91.52	48.92	88.15	100.14	26.24	79.87	36.90	74.31	85.51	95.45	43.76	27.69	49.53	56.74	99.64	79.62	82.41	48.50	16.16	18.43	25.95	73.68	28.00	71.87	60.33	49.20	81.43	26.80	20.48	109.92	41.10	15.46	29.02	16.28	17.45	37.35	51.99	59.77	94.19	95.13	91.65	13.36	72.67	20.92	46.15	106.05
2020-01-31	53.49	38.09	50.59	60.43	91.00	48.47	87.30	97.12	26.51	81.45	37.17	73.86	84.58	94.94	45.13	26.62	48.47	56.00	97.97	78.29	80.98	47.08	16.65	18.12	26.49	72.31	27.89	71.75	60.31	49.37	81.11	27.13	19.79	111.17	41.39	15.65	29.76	16.07	17.81	36.96	54.18	60.12	92.39	97.76	90.46	12.98	71.88	20.74	45.91	102.81
2020-02-01	53.64	39.60	50.66	60.88	90.63	49.02	86.34	96.80	26.36	83.67	36.15	74.47	86.34	91.66	45.15	27.07	46.91	55.02	97.07	78.47	80.49	47.46	15.90	17.92	25.62	70.11	27.90	72.77	59.06	49.89	84.16	28.05	20.30	109.49	41.18	15.92	30.11	15.93	18.02	37.25	56.51	60.95	90.77	100.28	87.98	13.11	69.96	21.28	46.84	101.18
2020-02-02	53.68	39.83	50.41	59.33	91.04	48.21	85.36	96.63	25.85	79.93	35.30	74.01	86.92	93.52	45.93	27.81	45.51	54.51	96.44	78.38	82.85	47.31	16.35	17.28	25.71	72.88	27.63	73.57	59.10	50.24	81.21	28.79	20.49	110.39	40.17	16.06	29.96	16.24	17.99	38.23	57.36	60.69	88.51	102.65	91.55	13.26	69.13	21.87	47.11	101.40
2020-02-03	53.20	40.99	49.66	57.54	91.49	48.15	85.13	94.02	26.20	79.03	34.41	73.86	86.16	95.14	44.94	27.74	47.11	54.71	93.53	78.24	84.33	46.19	16.67	16.78	26.35	74.29	27.92	74.83	58.28	51.96	84.46	30.08	20.89	112.21	40.11	15.98	28.97	16.25	17.73	37.23	58.60	60.96	91.01	103.26	92.18	12.92	71.17	21.34	46.89	100.16
2020-02-04	52.06	41.76	48.77	58.25	92.17	48.13	84.82	92.98	25.95	78.13	33.98	73.81	85.29	92.02	44.67	27.17	48.09	54.63	90.98	78.44	85.47	47.24	16.55	17.12	25.63	72.11	27.93	76.15	58.17	49.99	85.86	30.76	20.32	111.08	39.44	16.26	29.00	16.45	18.10	36.78	56.19	61.73	92.88	104.99	89.84	13.05	72.87	20.54	45.81	98.62
2020-02-05	52.85	40.95	49.92	59.65	93.01	48.18	82.93	94.39	25.54	76.79	33.98	73.71	85.85	92.97	43.87	26.28	49.09	54.82	95.20	78.04	86.00	47.31	16.06	17.47	26.09	72.06	28.09	77.37	58.42	50.15	89.06	31.15	19.63	109.62	40.40	16.28	28.60	16.29	18.68	37.41	55.61	62.02	90.18	105.65	86.20	12.77	71.09	20.39	46.31	99.73
2020-02-06	51.86	40.14	48.90	59.31	93.66	47.72	83.36	93.74	24.84	78.96	32.86	73.05	85.96	96.67	43.07	25.30	49.57	55.74	91.77	76.69	88.60	45.82	16.59	17.69	26.91	74.74	27.94	78.19	59.26	51.73	90.93	32.27	19.42	111.16	40.85	16.34	28.87	15.94	19.27	36.34	53.60	62.35	90.51	108.52	83.34	13.08	69.92	20.94	47.03	101.02
2020-02-07	51.80	39.48	49.69	58.80	93.67	47.34	84.73	92.94	25.41	76.12	33.75	72.59	86.93	99.62	41.79	26.03	50.36	55.16	92.53	76.54	85.87	45.07	17.29	17.15	26.02	77.09	28.11	79.20	60.00	53.69	87.77	31.47	19.38	113.15	40.09	16.34	28.44	15.81	19.87	36.50	53.61	61.70	91.84	112.08	86.04	13.47	69.51	20.16	48.20	100.44
2020-02-08	52.25	39.08	48.35	60.66	94.17	47.17	86.60	90.29	25.48	78.83	34.69	72.88	86.47	102.92	41.45	26.49	52.31	54.58	89.93	76.59	84.45	44.93	16.97	16.93	26.96	76.20	27.85	78.10	58.78	52.31	90.84	32.50	19.30	111.32	40.42	16.23	28.37	15.98	19.57	35.66	54.59	61.29	89.34	112.14	87.02	13.69	68.39	20.20	46.96	100.31
2020-02-09	51.62	39.50	48.80	59.52	94.97	46.27	85.74	92.21	25.68	76.28	35.35	72.19	85.82	106.93	42.84	25.41	51.17	55.44	93.55	76.72	85.64	45.57	16.97	17.39	27.15	74.70	27.81	77.89	57.42	50.75	87.50	32.26	20.07	112.33	39.33	16.14	28.01	15.85	20.03	36.50	56.28	61.45	87.53	112.08	88.53	13.91	69.85	20.20	45.75	100.09
2020-02-10	50.54	38.30	47.56	57.82	95.29	46.68	88.16	94.46	26.29	79.83	36.44	71.99	84.21	102.51	43.25	25.73	49.19	55.73	91.57	76.79	83.18	46.27	17.62	16.97	26.87	76.30	27.99	77.33	57.20	50.33	83.99	33.76	20.01	112.08	39.36	16.31	27.52	15.90	19.90	37.20	54.44	61.86	85.70	109.69	87.93	13.72	70.06	19.89	44.98	101.06
2020-02-11	51.33	38.44	47.34	57.22	96.14	46.26	89.27	92.90	26.69	78.27	37.26	72.62	83.93	102.52	43.93	24.65	47.83	56.68	93.58	75.94	83.14	46.96	17.55	16.78	27.29	77.35	28.24	78.62	57.56	50.31	82.74	35.29	20.51	113.61	38.91	16.53	27.54	16.10	19.89	37.53	54.92	62.53	87.77	112.87	89.21	13.75	71.43	19.68	45.37	103.69
2020-02-12	50.60	37.75	46.06	56.64	97.68	46.69	86.94	94.91	27.48	80.95	36.59	73.04	85.56	104.43	44.63	23.66	49.57	56.07	91.72	77.20	84.51	45.51	17.10	16.27	26.76	80.39	28.02	79.55	57.88	49.56	80.84	36.01	19.76	112.29	39.25	16.64	28.05	15.92	20.40	38.13	55.78	62.77	87.53	111.29	90.77	13.50	70.54	19.83	45.97	100.31
2020-02-13	51.13	37.55	46.14	58.36	98.18	47.56	85.24	92.15	27.54	80.64	36.45	72.12	87.12	103.21	45.24	23.99	49.55	55.95	92.37	78.29	87.54	44.86	17.33	15.93	26.91	81.61	27.74	80.08	59.08	51.30	81.56	35.65	19.42	110.49	39.36	16.58	27.85	15.84	21.08	38.20	56.89	62.45	86.34	109.73	87.12	13.89	71.87	19.13	45.63	103.59
2020-02-14	51.17	36.95	46.57	58.97	97.53	48.26	83.57	89.68	27.96	83.06	35.78	71.72	88.07	100.54	46.14	23.24	51.03	55.00	89.99	79.29	84.19	44.07	17.68	15.94	27.23	79.01	27.98	81.04	58.73	51.81	80.62	34.72	19.08	108.64	38.67	16.87	27.64	15.62	21.60	38.08	58.16	62.83	87.13	111.61	85.07	13.76	70.10	18.69	44.37	100.07
2020-02-15	50.66	36.21	47.10	58.01	97.59	48.37	81.75	88.84	27.09	81.74	35.30	72.28	86.67	97.23	44.64	23.83	51.45	55.52	88.75	79.29	82.93	45.61	17.56	15.65	27.07	79.65	28.02	82.46	57.75	51.53	83.58	35.67	19.78	108.06	39.18	16.87	26.99	15.86	22.16	38.58	58.85	63.02	86.85	111.23	84.53	13.95	68.68	18.76	43.53	97.79
2020-02-16	49.86	35.91	46.90	57.57	97.69	47.93	82.50	86.50	26.53	84.21	35.27	72.44	84.86	95.20	45.24	24.05	52.43	55.66	85.66	80.26	84.52	45.15	17.67	15.92	26.84	79.02	27.84	82.10	57.80	50.00	80.61	35.94	19.48	110.26	38.55	17.09	26.23	15.72	22.20	39.15	57.85	63.54	84.58	108.84	86.29	14.04	68.03	18.78	43.84	99.13
2020-02-17	49.93	37.28	47.57	56.30	98.58	47.90	84.44	84.97	27.15	83.10	35.02	73.14	83.76	98.91	45.46	24.86	50.73	56.14	85.78	80.73	84.26	44.60	17.03	15.39	27.35	75.87	27.69	81.59	58.48	50.87	82.65	36.92	19.36	108.47	37.73	17.00	26.13	15.81	22.05	39.31	58.69	64.07	85.10	108.49	88.97	13.83	67.77	18.30	43.73	101.50
2020-02-18	50.70	36.61	48.07	57.60	99.33	48.09	84.38	82.95	27.37	85.48	35.00	73.50	85.40	96.67	44.46	25.30	52.44	57.03	88.59	80.53	81.75	44.76	16.88	14.97	26.85	72.94	27.53	80.25	58.44	48.76	84.31	37.05	19.40	108.63	37.48	16.92	26.22	15.57	22.46	39.26	56.65	64.35	86.80	111.32	91.93	14.25	67.76	19.02	43.37	98.91
2020-02-19	51.27	37.46	47.17	57.71	98.78	47.63	86.64	82.94	26.79	81.36	34.07	72.92	85.75	96.12	43.68	25.78	54.30	58.00	84.78	79.75	83.19	45.18	16.30	15.52	27.87	72.94	27.48	79.10	59.47	49.71	85.04	37.35	18.61	110.11	36.61	16.79	26.01	15.82	23.04	38.67	54.77	64.43	87.31	108.32	92.55	14.12	69.29	19.14	43.75	100.46
2020-02-20	51.68	38.58	46.92	56.27	100.41	47.67	88.84	82.01	27.58	77.32	34.74	73.00	86.74	96.97	43.42	25.47	55.02	57.56	81.06	78.83	80.29	44.94	15.61	15.27	27.64	70.03	27.58	77.80	60.09	49.84	84.95	38.06	18.31	108.55	37.12	16.62	25.94	15.61	22.88	38.89	56.33	63.72	89.04	109.74	95.72	14.00	70.91	18.42	43.06	97.21
2020-02-21	51.64	39.38	46.23	57.55	99.64	46.62	90.37	83.82	27.60	74.59	34.62	72.90	87.91	98.04	42.20	26.46	52.84	56.54	81.53	78.44	78.38	44.33	15.72	15.21	27.73	71.28	27.28	79.09	60.95	51.55	85.24	39.86	17.67	107.58	37.06	16.61	26.27	15.39	22.46	38.40	56.14	63.83	86.61	112.30	98.23	14.03	68.95	17.76	41.91	98.56
2020-02-22	52.19	38.37	47.15	57.29	99.86	45.74	88.63	85.47	26.95	76.15	33.92	73.31	86.27	93.99	41.24	25.78	53.97	55.91	78.49	77.48	77.87	43.77	16.24	15.19	28.48	68.84	27.28	79.95	61.53	51.21	85.56	39.93	17.72	107.38	37.97	16.78	26.10	15.16	21.92	37.63	56.32	64.18	88.68	115.52	101.22	14.13	65.91	17.33	41.24	97.61
2020-02-23	52.11	39.77	46.20	56.56	101.19	46.45	90.64	87.52	27.24	79.40	34.33	73.14	88.05	90.80	41.49	25.66	54.73	56.19	77.05	77.89	76.57	43.17	16.14	15.42	29.17	68.16	26.97	81.06	61.81	49.85	82.80	41.49	17.66	108.96	38.95	16.73	26.12	15.40	22.53	36.71	56.94	64.31	86.27	118.82	103.94	14.06	67.56	16.73	40.12	101.72
2020-02-24	52.77	38.49	47.55	57.36	101.27	45.88	89.91	85.60	26.97	78.82	34.60	73.15	87.99	87.35	40.97	25.54	53.06	56.35	76.94	77.28	74.10	44.07	16.21	15.25	28.89	67.90	26.65	80.15	62.07	49.84	83.54	40.77	17.34	111.02	39.73	16.72	25.47	15.41	22.79	37.31	58.38	65.08	87.87	120.25	103.60	14.19	66.34	16.98	38.97	104.82
2020-02-25	52.43	39.12	48.18	57.11	100.84	45.16	92.57	85.89	27.70	76.55	34.18	72.35	87.81	88.58	40.55	25.92	52.33	55.75	76.45	77.85	75.24	45.17	16.06	14.88	28.59	68.51	26.84	79.06	62.93	49.58	81.59	39.37	16.71	112.12	39.70	16.71	25.39	15.24	22.73	36.50	60.36	64.59	86.51	121.41	101.11	14.49	68.11	16.91	38.21	107.14
2020-02-26	52.24	38.46	49.46	58.77	99.72	44.25	90.60	85.69	28.51	76.08	35.41	71.73	87.66	90.74	40.92	26.93	52.01	55.71	73.14	78.30	72.95	44.83	16.15	14.95	27.90	70.51	26.79	78.15	62.15	48.29	82.61	39.14	16.93	110.49	39.73	16.75	25.40	15.25	22.74	36.78	62.76	65.13	86.90	121.97	104.93	14.91	69.53	17.59	39.04	104.33
2020-02-27	51.84	38.94	50.84	57.73	100.46	43.32	88.56	83.94	29.03	78.11	34.87	72.22	88.52	89.00	40.66	26.13	50.79	56.13	75.10	78.05	72.35	44.73	15.75	15.19	27.44	70.19	26.78	76.77	61.41	47.36	82.84	38.32	17.05	111.56	40.15	17.06	25.17	15.18	23.48	40.62	63.12	64.79	85.93	121.86	107.42	15.03	71.46	16.91	37.91	101.36
2020-02-28	52.70	38.18	50.96	57.95	99.81	42.68	89.44	86.50	29.86	76.62	35.57	72.34	90.49	89.73	40.51	26.10	50.05	55.21	76.03	78.75	74.85	43.89	16.35	15.13	26.59	67.63	26.99	76.55	60.25	46.41	81.75	36.85	17.06	109.82	39.54	17.30	24.63	14.98	23.75	40.80	63.38	64.78	87.51	122.35	104.88	15.13	72.20	16.99	36.81	102.42
2020-02-29	52.69	37.25	49.69	58.59	101.24	43.06	88.27	84.33	29.40	75.22	35.24	72.93	91.63	86.46	41.80	26.97	51.91	55.28	75.80	79.00	76.47	44.33	16.66	15.50	26.62	65.85	26.80	76.77	59.29	45.67	79.70	35.46	17.19	110.27	39.22	17.19	25.28	15.27	23.42	40.33	60.72	65.02	87.78	122.50	102.60	14.80	74.28	16.59	37.43	106.60
2020-03-01	53.22	37.33	48.82	57.92	102.33	42.93	88.21	82.12	28.66	75.49	34.26	72.80	92.63	82.84	43.16	25.94	52.62	54.94	72.68	80.36	78.41	44.94	16.68	15.71	26.65	67.78	26.88	75.74	58.50	43.94	77.99	34.72	17.17	111.21	39.66	17.50	24.54	15.23	23.26	41.24	59.23	64.72	87.34	121.44	102.39	14.67	74.29	16.51	37.69	109.72
2020-03-02	52.76	36.42	48.29	56.96	102.56	42.41	87.77	84.65	28.04	77.59	34.09	73.40	92.32	84.03	41.70	25.01	50.87	54.85	69.85	79.90	78.91	45.06	16.22	15.25	26.30	66.75	26.83	75.32	57.34	44.42	75.46	35.94	16.80	113.33	40.49	17.46	24.45	15.36	24.03	40.83	59.92	65.12	89.91	120.48	105.85	14.80	74.01	16.11	37.48	112.71
2020-03-03	53.69	37.13	47.36	56.89	102.21	42.80	85.61	85.11	28.43	80.07	34.53	73.41	93.18	85.02	41.84	24.30	51.15	55.32	66.94	79.67	76.60	44.83	16.55	15.27	26.46	66.71	26.90	76.30	56.11	44.35	75.24	35.03	16.51	112.43	40.64	17.40	24.70	15.37	24.73	39.97	57.71	65.90	91.81	118.48	102.13	14.86	73.29	15.78	37.49	114.15
2020-03-04	53.21	38.24	48.07	56.48	101.81	42.10	87.92	84.83	28.55	78.63	33.81	73.19	92.15	85.51	42.24	24.14	50.49	55.70	64.07	78.34	79.01	44.68	16.19	15.65	25.56	67.84	27.15	75.41	55.18	42.52	78.20	34.70	16.60	112.17	40.94	17.66	25.48	15.34	24.80	40.13	55.61	65.80	91.42	118.84	104.10	14.49	73.16	15.72	36.64	118.25
2020-03-05	53.25	38.20	47.50	57.78	102.55	42.49	85.70	86.99	29.11	75.41	34.90	73.68	93.13	82.32	42.65	23.55	49.44	55.06	61.52	78.82	79.33	43.84	16.90	16.05	26.24	69.64	27.19	74.23	54.21	42.79	79.80	33.13	17.25	112.24	41.91	17.64	24.65	15.33	25.26	41.09	53.51	66.69	91.58	117.60	105.72	14.51	73.18	15.31	37.32	122.57
2020-03-06	54.03	37.89	46.68	57.49	104.18	42.99	87.66	86.53	28.80	72.06	35.52	73.00	94.40	82.06	42.90	23.05	50.55	54.88	60.96	78.14	80.01	42.48	16.16	16.16	26.20	69.31	27.35	74.04	53.68	42.80	78.67	34.32	16.60	114.11	41.50	17.48	24.85	15.61	25.18	40.30	53.78	66.10	91.09	115.43	103.75	14.84	74.31	15.10	36.38	126.71
2020-03-07	54.06	37.10	46.59	58.42	103.83	42.58	90.22	85.01	27.97	72.09	36.43	73.75	95.61	83.55	44.39	23.88	50.20	53.93	59.56	77.87	79.49	41.32	15.78	15.98	25.97	70.03	27.14	73.33	52.89	43.58	76.75	35.66	16.68	116.12	41.92	17.28	24.79	15.63	25.28	41.46	53.96	67.11	91.47	118.70	102.71	15.10	74.41	16.62	37.01	127.40
2020-03-08	54.57	37.86	46.06	58.46	105.56	43.21	89.09	83.79	27.44	72.68	37.36	74.48	97.71	83.52	44.64	22.98	50.25	54.03	60.77	78.54	77.46	41.63	15.86	15.59	25.62	72.66	26.95	72.06	52.83	43.68	78.20	36.58	16.41	117.10	40.92	17.49	25.21	15.74	25.14	41.83	54.82	68.19	92.86	117.28	101.15	15.55	75.22	16.10	38.04	131.86
2020-03-09	55.42	38.49	44.84	59.98	106.39	43.02	91.20	84.86	27.52	73.10	38.54	74.42	98.95	80.64	43.54	23.98	48.52	53.99	58.92	78.63	76.11	43.09	15.48	15.70	26.51	71.93	27.11	71.94	53.02	43.84	76.38	37.19	15.74	116.60	40.55	17.58	25.80	15.70	25.62	40.72	55.23	67.81	93.77	115.32	97.84	15.31	75.32	16.73	38.88	131.89
2020-03-10	55.18	39.86	45.56	61.07	106.51	43.10	90.38	83.51	27.48	71.40	38.13	74.57	97.72	77.64	42.06	24.44	47.42	54.12	56.93	78.46	74.94	42.10	15.93	15.50	25.51	74.40	27.38	71.61	52.43	43.14	76.64	37.48	15.32	118.58	39.63	17.85	25.42	15.59	25.83	40.42	56.10	67.74	92.69	114.25	94.04	15.11	75.33	17.24	37.69	131.08
2020-03-11	56.08	41.42	45.57	59.49	107.64	43.76	89.76	86.02	27.99	69.88	37.79	74.00	99.43	76.61	41.85	24.98	47.82	54.60	56.32	77.76	77.11	41.03	16.30	15.83	25.93	72.22	27.07	71.12	52.46	43.43	75.61	36.73	14.87	120.96	39.88	18.09	25.96	15.48	26.07	39.28	55.71	67.86	92.21	113.25	95.92	15.01	74.79	16.93	36.59	136.60
2020-03-12	55.36	40.70	47.11	60.41	108.69	43.67	88.99	85.92	27.71	67.63	37.18	74.79	97.55	79.08	40.41	24.19	46.61	54.36	58.51	77.80	77.26	41.66	16.97	15.89	26.07	70.35	27.25	71.96	53.01	42.82	77.56	36.03	14.60	123.33	40.10	18.06	26.13	15.20	26.82	39.01	56.83	67.14	94.80	115.01	98.20	15.42	75.16	17.29	37.50	142.39
2020-03-13	56.48	39.57	46.67	62.42	108.29	42.76	87.31	84.27	27.93	66.02	38.77	75.52	96.69	81.40	39.92	23.83	48.44	54.17	56.28	79.21	75.51	40.56	16.76	16.03	25.43	68.74	26.98	71.40	52.22	42.64	78.63	36.50	15.09	122.35	40.99	17.86	26.15	15.45	27.62	39.33	57.75	67.71	97.40	116.12	97.44	15.20	74.90	17.97	37.55	145.68
2020-03-14	55.66	39.93	45.66	62.52	108.93	42.11	88.53	84.87	27.73	65.96	37.84	74.66	96.04	84.47	39.64	23.79	48.14	54.45	57.00	77.88	78.16	39.93	16.12	15.97	26.23	70.07	26.75	71.13	52.22	43.33	76.70	36.98	15.62	124.48	41.94	18.17	26.14	15.33	28.42	39.99	58.67	68.52	98.77	118.76	100.54	15.03	72.71	17.68	37.16	141.43
2020-03-15	56.63	39.35	46.10	63.87	110.32	41.39	87.07	84.64	28.03	63.55	37.41	74.14	96.06	80.94	39.39	24.07	48.13	53.77	58.38	78.04	77.63	38.72	15.68	15.67	26.50	67.24	26.58	71.21	51.54	44.80	74.55	36.55	15.89	124.42	42.82	18.48	25.39	15.37	29.29	38.67	60.58	69.11	98.22	117.98	97.07	14.68	74.83	17.44	36.37	137.13
2020-03-16	56.43	40.70	46.83	64.51	110.13	41.90	89.01	86.11	27.53	65.61	35.90	73.23	97.11	78.97	40.47	24.13	46.87	53.65	59.92	77.11	75.52	38.18	16.32	15.58	26.21	65.10	26.75	72.15	51.65	46.20	75.04	36.91	16.36	125.93	43.67	18.55	25.85	15.28	28.70	37.45	63.37	68.82	99.82	115.12	97.00	14.86	73.45	17.47	36.43	140.63
2020-03-17	55.79	42.18	46.63	62.95	109.15	42.23	87.83	87.80	27.22	66.38	35.29	72.73	99.26	75.96	41.71	23.58	48.31	53.96	61.04	77.59	77.84	37.73	15.78	15.12	25.91	64.95	26.72	73.00	52.55	47.72	71.99	37.12	16.00	127.07	43.08	18.56	25.24	15.57	28.55	38.41	60.75	68.03	100.27	111.59	95.82	14.49	71.20	17.16	36.93	141.55
2020-03-18	56.57	40.70	45.77	64.22	108.20	42.73	86.40	85.34	26.44	63.33	36.23	71.89	97.92	77.94	40.45	22.98	49.26	54.85	59.31	77.30	75.35	36.93	15.59	15.63	25.14	63.74	26.72	73.00	52.23	46.76	71.75	35.88	16.42	127.99	42.64	18.62	25.52	15.83	27.77	37.60	61.95	68.63	99.95	109.88	96.85	14.40	70.79	17.25	36.83	140.48
2020-03-19	55.74	41.78	46.31	62.29	109.09	43.34	86.86	87.53	26.79	60.20	35.17	71.63	97.40	75.93	40.66	22.43	50.48	55.66	61.77	77.55	72.97	37.63	15.88	15.26	24.30	65.28	26.83	72.40	52.77	46.04	74.70	35.13	16.28	129.56	43.41	18.70	24.86	15.55	27.84	37.32	63.95	68.46	99.80	106.47	97.67	14.55	72.11	17.74	36.27	142.51
2020-03-20	55.81	40.91	47.45	63.68	110.76	44.19	85.30	87.28	26.38	62.23	35.08	71.81	95.79	79.03	39.57	21.86	50.90	55.28	61.62	78.06	73.40	37.82	16.28	15.64	23.91	63.48	26.83	72.70	51.75	45.33	76.64	36.04	16.82	129.20	43.37	19.02	25.09	15.80	27.15	37.35	65.93	68.48	100.43	105.52	96.03	14.23	70.76	17.55	36.55	137.27
2020-03-21	56.79	41.69	47.17	62.68	110.02	44.52	84.13	85.10	26.16	61.89	33.77	72.45	93.91	79.06	40.71	21.22	49.55	55.15	63.81	78.81	71.85	36.92	16.18	15.51	24.72	66.07	27.04	74.02	51.10	43.51	75.21	35.60	16.98	128.91	43.43	19.17	24.70	15.91	27.22	37.88	67.04	68.23	99.19	105.55	95.60	14.41	71.56	17.79	35.64	133.14
2020-03-22	56.60	40.95	46.02	63.40	111.11	43.69	82.36	85.98	25.98	60.04	34.65	72.88	93.42	81.64	40.50	21.57	48.79	54.61	66.32	79.77	72.82	35.93	16.89	15.09	24.92	64.67	26.78	73.07	51.16	43.44	78.28	36.22	17.65	128.44	43.20	19.21	25.49	15.63	27.36	38.27	65.44	67.91	99.74	106.64	94.15	14.75	70.59	17.92	35.67	135.55
2020-03-23	56.31	40.74	46.04	64.44	110.75	42.83	84.12	87.58	25.20	57.97	35.02	73.12	94.66	81.65	41.44	21.96	49.53	55.04	66.19	79.35	75.43	34.76	17.06	15.14	24.38	63.08	26.50	73.75	51.24	42.80	81.04	35.45	17.43	130.36	43.36	19.32	24.73	15.55	26.48	39.26	62.87	67.70	101.30	109.69	92.44	14.93	69.65	17.41	36.46	135.46
2020-03-24	56.30	39.81	45.80	64.09	110.98	42.93	84.31	88.27	25.12	58.05	33.86	72.89	95.01	81.50	41.63	21.16	48.43	54.24	67.19	79.77	75.41	35.41	16.61	14.60	25.25	65.24	26.46	75.07	50.26	41.14	82.08	35.49	17.08	131.77	42.83	19.52	24.18	15.78	26.13	38.20	64.27	67.21	103.49	106.63	89.82	15.30	68.21	17.37	37.27	140.70
2020-03-25	57.13	41.31	44.89	65.22	111.20	43.37	83.23	89.70	25.44	56.74	34.23	72.36	95.64	84.13	41.79	20.58	46.85	54.21	64.72	79.17	75.15	35.74	16.66	14.73	25.14	65.19	26.41	74.26	49.35	40.43	78.95	34.11	17.34	132.37	42.66	19.52	24.01	15.45	26.82	37.04	63.29	67.56	105.04	107.36	89.42	15.13	69.18	17.09	36.53	146.19
2020-03-26	57.77	41.00	43.80	64.98	111.56	43.99	82.64	91.19	24.65	56.15	34.37	71.76	97.18	85.26	42.34	20.99	46.80	54.80	66.58	79.07	74.56	36.21	16.81	14.64	25.26	63.66	26.19	73.12	49.95	41.04	79.05	33.60	17.04	131.50	42.14	19.76	23.40	15.69	26.15	36.46	62.00	67.45	104.78	110.20	92.02	15.45	67.30	17.56	36.04	145.05
2020-03-27	57.51	41.22	42.86	63.55	111.96	43.47	82.40	93.25	23.93	57.51	33.73	71.18	98.45	86.92	42.59	20.21	48.66	54.55	65.33	80.24	76.88	36.78	16.36	14.60	25.74	64.85	26.07	73.31	50.77	41.54	76.62	32.50	17.20	132.39	41.68	19.87	23.43	15.46	26.28	36.11	61.42	67.43	104.79	113.57	90.91	15.30	67.76	17.07	36.02	148.20
2020-03-28	56.35	42.74	42.70	62.70	113.26	43.37	82.93	93.47	23.33	57.63	33.24	70.84	100.19	84.34	43.02	19.87	50.22	54.38	64.79	79.65	74.85	36.01	16.62	15.13	26.00	63.86	26.18	74.17	50.85	43.05	76.10	32.17	16.53	133.04	42.19	19.96	23.56	15.23	25.65	35.64	62.23	68.02	107.89	114.82	92.64	14.92	67.57	17.66	35.22	145.33
2020-03-29	57.01	41.37	42.94	62.99	112.21	43.35	85.07	95.15	24.01	58.82	34.07	71.49	101.13	87.87	41.68	19.42	49.75	54.13	64.12	80.64	72.93	35.28	16.06	15.56	26.79	63.70	26.02	73.69	51.56	41.96	76.47	31.72	16.66	134.86	43.33	20.27	23.39	15.33	25.78	35.76	62.37	68.10	109.35	115.01	89.83	14.75	65.61	17.11	36.11	149.59
2020-03-30	56.90	40.89	42.71	61.97	112.30	44.08	84.91	94.20	23.28	59.42	33.75	72.10	101.75	90.97	41.11	19.39	50.08	53.31	65.79	80.77	70.17	34.33	16.71	15.58	27.09	62.17	26.23	74.71	52.68	41.34	78.98	30.81	16.41	133.14	44.26	20.24	23.12	15.37	25.57	36.88	60.35	68.05	111.90	115.08	86.63	15.05	63.53	17.05	36.91	153.58
2020-03-31	56.18	41.96	42.27	61.42	114.00	44.88	83.24	91.85	23.38	58.98	34.28	71.30	102.15	91.45	40.64	19.94	51.19	53.19	65.38	82.13	69.60	35.53	17.34	15.76	27.21	63.03	26.00	75.25	52.47	41.40	77.26	29.47	16.40	131.11	44.74	20.04	23.51	15.57	25.22	37.03	62.91	69.07	109.32	118.37	89.90	14.92	63.42	16.51	37.57	149.82
2020-04-01	56.56	42.00	42.06	62.02	114.65	45.72	85.54	91.18	22.84	60.92	34.02	70.39	104.23	93.02	41.72	19.24	50.47	54.11	63.22	83.67	70.54	35.72	16.81	15.99	26.53	62.57	26.26	74.65	52.62	42.50	74.38	30.66	16.49	132.18	43.75	20.16	24.18	15.45	25.48	35.81	63.78	68.52	109.21	118.08	89.51	15.15	63.92	16.66	37.40	152.57
2020-04-02	56.62	42.76	41.41	63.22	113.55	44.76	87.38	91.56	22.97	58.71	32.81	70.95	104.10	95.05	40.41	19.68	50.25	54.67	65.04	84.61	68.27	36.60	16.71	15.99	26.91	62.06	25.99	75.66	52.84	42.40	74.84	30.44	16.81	134.51	44.92	20.11	23.80	15.37	24.76	36.35	61.85	67.85	108.74	114.74	91.15	15.45	62.47	16.47	36.91	154.66
2020-04-03	55.39	44.40	42.25	64.80	115.30	43.90	86.48	92.87	23.17	60.06	32.11	71.48	103.20	95.75	40.25	19.97	51.03	55.20	64.53	83.26	67.51	37.73	16.56	15.85	27.23	62.56	25.72	76.00	52.07	43.63	73.62	28.99	17.32	136.35	43.80	19.91	24.35	15.28	25.01	37.32	61.38	67.75	109.24	114.14	92.40	15.63	63.75	15.92	36.40	158.07
2020-04-04	55.17	45.69	41.50	65.70	116.44	43.73	86.70	93.94	23.46	59.29	31.29	71.79	103.70	91.71	40.33	20.63	52.09	54.48	66.27	82.87	68.64	37.12	15.88	15.71	27.86	64.17	25.75	76.64	52.57	44.23	75.80	30.40	16.81	137.04	43.56	20.10	24.89	15.29	24.99	36.46	59.95	67.63	108.86	111.05	94.26	15.60	62.11	16.50	35.49	155.51
2020-04-05	55.14	46.35	42.45	65.14	116.19	43.21	87.94	92.92	23.81	57.18	31.90	72.10	101.63	91.88	41.08	21.00	51.76	55.01	67.26	84.50	70.32	37.13	16.34	16.04	28.66	62.00	25.63	75.59	52.89	43.00	77.89	31.41	16.61	134.77	43.12	20.13	24.93	15.46	25.03	37.03	61.61	68.08	107.10	109.10	91.23	15.69	63.00	16.35	34.52	156.42
2020-04-06	55.23	46.05	43.84	63.91	117.41	42.73	87.91	90.77	23.55	59.69	31.59	72.87	102.12	91.06	39.57	20.87	51.83	55.76	69.05	83.16	69.67	37.66	16.22	15.54	27.55	62.00	25.83	75.06	53.67	43.78	77.13	32.76	16.91	132.96	42.15	20.36	24.90	15.28	24.87	37.67	60.02	68.78	108.87	106.88	88.12	15.44	64.55	16.50	33.78	157.53
2020-04-07	54.22	47.25	44.29	65.83	117.44	42.67	86.16	91.56	24.06	61.58	31.17	72.45	103.77	88.85	38.99	21.79	52.78	56.41	67.66	83.57	72.22	36.57	16.98	15.20	28.12	62.87	25.74	74.18	53.51	44.80	78.05	34.11	16.49	131.58	43.25	20.29	25.36	15.56	25.39	38.53	59.45	69.04	106.85	106.82	89.27	15.87	65.62	17.04	33.32	158.43
2020-04-08	54.81	49.05	45.46	64.58	118.90	43.27	86.14	92.69	23.54	62.30	30.91	72.79	102.47	85.25	40.16	20.85	51.25	55.82	68.35	84.83	69.98	37.72	16.38	14.82	28.95	63.10	25.59	73.40	53.17	44.43	75.49	35.85	15.98	131.58	44.36	20.56	25.24	15.66	25.91	37.46	57.20	69.63	109.81	110.19	86.43	15.88	64.07	16.55	33.49	162.36
2020-04-09	55.35	47.63	44.43	66.34	118.54	44.09	87.33	93.50	22.91	61.28	30.74	73.31	101.13	82.91	39.65	20.54	52.34	55.36	65.82	86.55	67.39	38.15	16.58	15.10	29.30	64.11	25.37	73.58	54.24	44.21	75.65	36.55	15.89	133.68	45.05	20.82	25.69	15.53	26.45	37.44	58.75	69.30	110.05	111.37	88.32	15.64	62.57	15.91	33.13	163.37
2020-04-10	54.26	47.69	44.78	66.88	119.92	44.22	87.25	93.87	22.62	60.49	30.99	72.80	103.29	85.94	38.80	20.74	53.66	54.69	63.43	86.86	66.67	39.17	16.45	14.94	29.19	62.77	25.45	74.81	53.65	45.60	72.79	37.85	15.66	134.89	44.47	20.68	26.47	15.37	26.29	38.02	60.67	69.02	110.54	112.56	87.96	15.89	62.09	15.95	33.22	165.32
2020-04-11	54.43	47.73	45.25	66.37	120.38	44.02	88.63	94.95	22.14	61.26	31.49	72.36	101.30	89.52	37.85	20.36	52.69	53.80	65.12	88.09	64.28	40.48	16.02	14.40	28.44	65.35	25.44	73.76	53.04	45.54	72.43	37.30	16.16	133.45	45.30	20.93	26.29	15.20	26.09	39.04	60.24	69.17	109.57	114.52	89.59	16.14	61.06	15.34	33.66	171.43
2020-04-12	53.67	49.43	44.51	67.00	121.09	44.87	90.80	94.61	22.00	61.18	32.74	71.76	100.40	93.63	38.85	19.96	51.16	54.24	65.05	87.76	63.09	41.74	16.22	14.11	27.69	65.09	25.32	72.69	53.15	46.06	73.20	37.44	15.51	133.11	45.41	21.04	26.55	15.44	25.84	39.23	59.10	69.94	106.41	113.19	86.14	15.71	61.11	15.82	34.09	167.41
2020-04-13	52.81	49.78	44.96	66.44	121.28	44.01	88.60	96.12	22.04	61.52	32.90	71.21	100.90	90.23	37.58	19.71	50.63	54.53	63.96	89.45	61.94	41.00	16.97	14.30	28.79	67.24	25.19	72.33	52.23	47.32	75.13	38.52	16.12	134.27	45.72	21.42	27.29	15.31	25.07	39.10	57.13	70.13	103.53	114.61	85.33	15.49	60.89	16.19	33.79	174.06
2020-04-14	52.92	51.83	46.20	67.20	122.40	43.08	90.48	93.55	22.43	58.74	34.03	70.48	99.68	89.54	36.52	19.42	50.37	54.14	63.48	89.32	63.03	42.27	16.87	14.08	28.44	69.18	25.22	73.17	51.38	45.51	72.50	39.24	16.75	132.60	46.81	21.51	27.36	15.33	25.34	38.33	58.10	71.05	103.84	116.87	82.13	15.22	61.55	16.81	34.33	179.79
2020-04-15	53.71	53.82	45.36	65.26	122.66	43.82	90.83	94.31	22.57	59.75	34.80	70.46	97.93	90.70	36.87	18.99	51.97	53.75	61.91	89.21	60.71	41.89	17.28	14.29	27.48	67.37	25.26	73.28	51.76	44.78	73.49	39.64	16.87	132.48	46.41	21.57	27.78	15.32	25.42	39.21	58.45	70.90	102.12	115.44	82.33	15.52	60.55	16.54	34.29	185.84
2020-04-16	53.37	52.93	45.61	64.29	122.33	44.26	88.31	92.52	23.08	58.67	34.23	69.94	98.57	93.36	37.63	19.22	50.47	54.67	60.12	89.77	60.15	41.45	17.65	14.48	27.50	66.52	24.98	72.07	52.60	43.40	75.43	39.72	16.34	131.02	47.31	21.53	28.29	15.26	25.28	38.77	55.88	70.38	102.73	118.98	82.81	15.43	62.27	16.63	34.93	183.28
2020-04-17	54.34	51.74	44.68	66.31	121.10	43.35	87.42	91.73	22.36	55.77	34.30	69.74	98.59	93.28	37.53	19.14	52.09	54.89	62.72	91.28	62.38	40.68	17.54	14.26	28.55	64.70	25.08	72.39	53.12	42.83	76.40	40.16	16.97	128.95	46.56	21.41	27.79	15.12	24.82	37.95	57.08	70.19	104.98	115.59	81.25	15.06	63.07	16.16	34.77	188.75
2020-04-18	54.64	52.78	45.93	64.83	122.49	43.98	87.40	90.94	22.56	53.86	34.05	69.23	97.92	91.11	36.93	19.17	53.78	55.38	64.29	92.98	62.47	40.01	17.25	14.69	27.52	66.64	25.13	71.94	54.10	41.71	78.69	41.51	17.54	130.07	46.09	21.41	26.98	14.93	25.64	37.24	56.01	69.64	106.95	119.32	83.45	14.64	63.10	16.23	34.76	190.92
2020-04-19	53.76	54.40	46.33	66.15	121.75	44.55	86.72	93.49	23.22	53.28	35.52	69.42	95.96	87.93	35.87	18.58	55.93	56.24	62.80	93.07	63.11	40.76	16.70	14.73	28.52	64.04	25.14	72.82	53.49	42.52	80.79	40.12	17.65	129.28	46.39	21.20	27.54	14.94	25.37	36.44	53.71	69.05	105.28	116.72	81.10	14.72	64.54	16.01	34.89	189.30
2020-04-20	54.12	53.62	47.59	67.75	120.78	43.67	85.80	92.36	23.18	51.34	34.40	68.99	96.69	85.21	34.75	18.16	57.67	57.04	62.37	91.55	63.23	40.89	16.59	14.76	27.49	62.26	25.30	72.76	53.57	43.05	80.14	41.36	18.26	130.92	46.25	20.99	26.81	15.13	24.90	36.39	55.47	69.63	104.01	116.73	78.16	14.96	63.05	15.74	34.06	188.99
2020-04-21	54.98	55.28	49.15	65.74	121.51	42.77	86.80	91.87	23.48	53.64	35.79	68.36	95.24	83.23	35.72	18.48	59.91	57.45	64.77	92.17	62.92	41.28	16.62	15.12	27.82	63.77	25.42	73.65	53.19	42.34	79.19	41.65	18.90	131.94	46.99	20.89	26.89	15.40	25.56	35.22	55.76	69.76	102.37	117.45	78.89	15.38	63.20	15.66	34.01	193.78
2020-04-22	54.39	57.08	48.81	66.12	122.76	42.69	84.39	93.12	23.11	52.49	34.27	68.90	95.45	85.84	35.56	17.80	58.39	58.44	63.09	90.97	64.56	42.52	15.88	15.49	28.82	65.96	25.41	73.40	53.02	42.62	76.09	40.90	18.71	131.02	46.12	20.78	27.39	15.20	25.91	34.60	56.42	69.67	104.96	119.16	78.45	15.32	63.36	16.02	33.42	188.36
2020-04-23	55.23	59.10	50.41	68.24	124.48	42.35	83.08	93.55	23.71	50.33	34.98	69.15	93.58	86.67	36.26	17.25	59.58	57.42	64.10	91.29	66.12	43.81	15.22	15.74	28.45	66.51	25.36	72.58	51.89	42.19	77.86	41.82	18.95	133.63	46.39	20.53	27.40	15.17	25.76	34.94	55.37	70.11	104.43	119.13	76.73	15.63	64.15	15.77	34.09	188.62
2020-04-24	54.25	60.81	51.13	69.09	124.84	42.49	81.98	91.41	24.42	48.04	34.11	69.71	94.33	87.20	37.53	17.89	58.39	58.25	66.45	89.72	64.31	44.19	14.55	16.13	28.36	66.06	25.59	72.13	52.50	40.68	79.85	42.31	18.39	132.94	46.01	20.42	28.24	15.03	26.21	34.30	55.31	69.56	105.04	119.23	76.66	15.43	64.63	16.43	33.05	182.27
2020-04-25	53.41	59.25	49.73	70.55	126.07	41.58	83.66	94.11	24.99	46.84	34.75	69.76	93.48	90.44	37.88	17.38	59.71	59.17	68.58	91.42	63.48	44.46	14.00	16.49	27.44	67.95	25.79	71.14	51.70	39.50	82.52	40.59	18.70	134.73	45.18	20.46	27.51	15.27	26.33	33.28	57.78	69.21	103.16	118.86	75.36	15.37	66.07	16.39	32.57	181.18
2020-04-26	52.91	61.55	49.28	71.38	128.01	41.74	85.63	92.22	25.70	46.88	34.22	70.14	94.73	91.31	37.03	17.84	59.16	59.20	67.27	90.14	63.55	43.88	14.58	16.54	28.24	68.64	25.51	70.63	52.60	38.45	85.95	42.65	18.62	135.88	46.04	20.70	28.01	14.97	26.83	33.88	59.30	69.58	102.33	117.68	75.66	15.77	67.88	15.99	31.65	183.61
2020-04-27	52.55	59.49	49.43	70.27	127.83	42.59	85.12	94.60	26.42	47.27	34.44	70.59	94.90	88.31	37.60	17.16	60.15	59.95	69.35	90.62	64.00	44.82	13.97	16.49	27.30	66.16	25.55	70.84	52.04	38.71	86.89	41.98	18.07	138.20	45.01	20.65	28.53	14.78	26.21	33.04	61.12	68.83	102.46	116.53	73.19	15.31	68.47	16.06	30.90	187.23
2020-04-28	52.65	59.10	48.94	70.86	127.12	42.80	86.12	96.24	26.56	46.88	35.28	70.23	93.13	84.96	37.52	17.08	57.75	60.80	67.13	89.99	64.59	43.48	14.47	16.82	27.64	63.93	25.42	70.66	51.03	39.21	83.37	42.93	18.25	140.32	45.78	20.67	29.26	15.00	25.79	33.01	58.73	68.12	100.10	117.74	75.27	15.12	68.03	16.73	31.35	188.72
2020-04-29	53.32	59.20	50.02	72.20	126.04	42.89	88.33	97.61	26.17	48.18	36.40	70.88	92.96	81.84	37.14	17.29	57.95	61.75	68.99	89.16	66.34	44.89	14.69	16.70	27.04	64.46	25.30	71.24	51.23	39.19	84.67	42.27	18.16	139.04	46.61	20.73	29.04	14.82	26.28	33.33	57.81	68.11	102.80	121.02	72.76	15.44	69.92	16.38	32.30	187.93
2020-04-30	53.43	57.31	49.40	71.64	125.85	43.15	88.82	95.20	26.34	45.89	37.89	70.16	93.01	82.35	36.46	16.68	56.75	62.12	71.10	90.19	65.87	43.54	14.11	16.93	26.81	65.83	25.37	71.34	51.48	38.30	86.53	42.59	17.75	136.68	45.76	20.83	29.06	14.51	26.04	33.39	56.58	67.69	101.78	124.03	72.87	15.52	70.60	16.33	31.44	184.44
2020-05-01	53.03	55.83	48.11	73.74	127.34	43.35	89.11	92.88	26.90	46.68	39.23	69.34	94.58	83.85	35.58	16.72	55.08	61.55	71.86	91.66	67.86	44.45	13.57	16.41	26.32	67.02	25.25	72.49	52.32	37.42	89.07	42.22	17.87	138.59	45.06	20.61	28.24	14.69	25.67	34.23	59.09	68.73	101.79	123.66	71.09	15.72	68.74	17.00	30.60	182.85
2020-05-02	52.13	56.30	47.45	71.56	128.35	42.78	90.14	94.86	26.71	47.10	38.80	69.00	94.03	81.16	34.62	16.96	55.43	60.64	73.85	92.59	65.79	45.17	13.87	16.57	25.56	67.76	25.01	71.29	53.44	35.87	91.45	44.06	18.53	141.51	45.07	20.40	28.47	14.59	26.16	34.36	58.51	68.93	103.12	120.74	72.99	16.14	67.97	16.67	31.46	190.52
2020-05-03	52.49	55.81	48.36	71.51	128.53	42.49	88.25	92.24	27.29	48.34	39.12	68.65	94.32	79.61	34.16	17.39	56.91	60.44	71.35	92.36	65.34	46.42	14.24	16.88	24.99	70.55	24.84	72.35	54.45	34.65	91.65	42.36	18.90	139.87	44.19	20.37	28.50	14.55	26.54	35.37	57.87	69.24	101.02	121.68	71.55	15.76	67.53	16.73	30.45	188.58
2020-05-04	52.02	57.68	49.24	73.86	130.52	42.25	90.70	91.18	27.86	46.14	39.73	69.23	95.90	82.22	34.33	17.90	58.19	60.30	72.46	90.78	67.12	46.14	14.82	17.40	25.64	72.04	24.96	72.27	53.58	35.29	89.76	41.01	19.09	140.51	44.52	20.38	29.03	14.82	26.63	34.98	57.60	68.58	98.08	121.82	69.23	15.66	66.51	17.09	30.49	190.00
2020-05-05	52.51	55.94	50.08	73.63	129.95	42.73	91.63	89.87	27.48	44.68	38.16	68.70	94.92	84.03	33.48	18.22	60.13	61.27	74.31	91.63	64.82	45.49	15.12	17.83	26.24	69.96	24.92	72.55	52.41	34.95	90.28	42.86	19.38	141.98	44.54	20.37	28.37	14.55	26.63	34.96	57.02	69.13	97.52	118.32	67.35	16.01	65.16	16.59	29.68	185.08
2020-05-06	53.04	55.46	51.43	75.84	130.26	42.42	90.75	90.55	26.97	46.03	38.39	68.88	94.62	84.22	34.07	18.78	61.95	62.10	73.21	92.00	64.22	44.48	15.30	18.15	26.90	71.49	24.78	71.47	51.97	33.75	88.74	43.68	18.75	142.99	45.42	20.20	28.84	14.33	26.70	35.20	55.24	68.81	97.52	122.08	65.78	15.80	66.12	16.79	30.10	191.10
2020-05-07	53.98	56.16	50.63	77.20	130.52	42.98	93.27	89.96	26.54	44.25	39.27	69.09	94.90	86.92	33.08	18.34	59.86	62.90	73.32	92.96	63.97	45.27	15.44	18.47	26.73	72.95	24.58	70.72	52.03	34.68	91.77	45.77	18.94	142.84	45.02	20.31	28.61	14.20	26.26	34.24	53.11	68.96	98.83	125.48	66.36	15.32	64.19	16.98	30.87	196.41
2020-05-08	53.54	55.13	52.28	77.01	130.24	43.71	91.58	89.51	27.08	45.74	39.49	68.87	96.89	89.90	34.03	18.02	60.95	63.40	76.35	93.73	62.81	44.68	15.52	18.36	27.26	72.88	24.34	70.57	52.10	33.99	93.59	47.03	18.69	141.37	44.56	20.15	27.66	14.38	26.09	34.98	51.47	68.35	99.50	125.80	67.92	15.64	63.20	16.60	30.39	194.61
2020-05-09	54.24	55.74	52.06	79.49	132.14	43.96	89.53	87.23	27.82	43.84	40.01	69.60	99.00	90.01	35.20	17.86	63.34	63.32	77.60	93.65	63.27	44.80	15.77	19.01	27.69	71.61	24.15	71.46	52.45	32.95	93.36	48.95	18.39	139.68	44.35	20.28	28.45	14.24	26.91	34.00	52.97	68.13	99.96	122.75	70.06	15.18	62.67	16.80	30.35	197.08
2020-05-10	53.31	54.01	51.37	81.36	134.34	44.48	89.00	85.70	28.53	45.00	40.09	69.46	99.74	89.15	34.50	18.66	65.62	63.28	76.87	95.14	61.48	46.12	15.55	19.12	27.28	72.30	24.40	70.52	53.24	32.08	95.30	46.95	19.04	139.51	45.36	20.63	28.31	14.39	27.37	34.08	52.40	68.74	102.10	125.32	69.62	15.52	60.93	16.91	29.81	191.16
2020-05-11	53.11	52.67	51.73	80.21	135.18	43.73	87.84	83.96	29.01	43.23	38.43	69.09	99.91	86.85	34.63	18.98	65.27	63.90	73.72	96.81	59.38	47.30	15.40	18.81	26.68	72.41	24.54	70.32	54.17	32.78	94.86	49.24	18.45	142.09	44.39	20.69	28.45	14.49	28.11	34.88	51.62	68.95	104.00	129.04	69.86	15.55	59.03	16.65	30.36	193.56
2020-05-12	52.76	52.25	52.91	78.62	133.78	44.55	89.95	81.92	28.78	41.34	36.94	68.86	101.06	83.97	35.66	18.40	63.28	64.42	71.00	98.06	59.99	46.90	15.46	18.47	26.52	72.41	24.79	71.58	54.53	31.49	93.51	46.98	17.75	145.12	44.35	20.89	28.17	14.79	27.87	35.06	52.37	69.66	106.63	131.27	70.79	15.97	57.55	16.71	29.62	190.96
2020-05-13	53.63	51.47	52.91	80.44	133.92	44.38	88.34	82.59	28.22	40.68	36.24	68.62	101.93	84.22	35.66	19.03	61.65	64.75	74.04	98.60	59.05	47.20	15.67	18.24	25.99	74.86	24.51	72.10	54.30	30.72	93.58	44.75	18.09	144.74	45.37	21.18	27.40	14.69	27.86	35.91	52.57	69.19	109.65	130.85	70.01	16.16	56.64	16.46	29.15	198.95
2020-05-14	52.66	53.35	52.09	81.46	134.36	44.19	89.15	83.56	28.82	40.15	37.14	69.08	103.62	86.17	35.91	18.19	61.41	64.27	75.92	97.41	60.36	47.47	15.04	18.34	26.57	73.34	24.49	72.73	55.13	30.30	96.43	43.55	17.51	142.46	45.93	21.09	26.78	14.76	27.78	34.78	52.18	69.10	110.79	128.20	70.23	16.40	56.48	16.42	28.45	203.46
2020-05-15	51.66	54.83	53.36	82.64	135.72	43.67	90.98	84.93	29.28	38.96	36.38	68.56	102.01	88.18	36.24	18.68	61.97	65.17	78.63	99.21	62.32	46.94	14.35	18.61	26.62	73.37	24.72	73.44	55.57	31.05	95.72	42.42	17.17	140.56	44.66	20.92	27.40	15.02	26.96	33.95	54.17	68.85	111.17	131.66	72.18	16.77	56.95	16.01	28.17	211.25
2020-05-16	51.05	53.34	53.33	85.19	136.13	43.25	88.50	83.87	28.49	40.30	37.35	68.15	101.40	87.87	36.95	17.96	63.03	65.86	80.43	100.68	62.03	47.07	14.28	18.05	26.48	71.29	24.70	74.38	55.67	31.46	95.46	43.01	17.64	143.25	43.85	21.25	26.54	14.90	26.60	34.19	54.77	68.48	108.49	131.43	73.07	16.55	58.26	15.75	27.37	213.37
2020-05-17	50.00	52.45	53.83	84.49	134.96	42.57	88.07	82.29	28.57	39.13	36.70	67.79	100.05	90.27	37.62	17.94	61.71	64.72	82.74	102.70	60.71	47.43	14.91	18.54	25.78	74.12	24.89	75.45	55.41	32.62	96.72	42.14	17.30	143.97	43.35	21.54	27.03	14.58	27.16	34.73	54.54	69.44	106.20	133.71	70.20	16.77	59.63	16.31	27.38	208.45
2020-05-18	49.45	53.55	54.88	86.45	137.17	41.81	85.74	82.56	28.95	38.10	36.50	66.98	100.62	89.99	36.69	17.82	61.18	63.80	81.31	101.33	59.79	48.82	15.11	18.81	25.42	71.23	25.03	75.54	55.30	32.11	97.90	44.13	17.71	145.05	43.24	21.37	26.30	14.60	27.39	35.29	54.89	69.57	105.59	137.49	71.23	15.27	61.31	16.90	27.64	208.12
2020-05-19	49.38	53.92	54.52	87.01	136.71	41.91	85.76	81.61	29.34	37.34	37.80	66.93	102.51	91.25	37.55	18.57	61.21	64.12	84.42	100.62	61.09	49.88	15.08	19.39	25.50	69.27	24.76	74.75	54.51	31.29	100.34	42.05	17.65	147.27	42.47	21.16	26.13	14.76	26.94	34.21	56.11	69.41	103.75	137.00	72.56	14.85	59.79	16.87	27.74	206.71
2020-05-20	48.83	55.34	54.44	86.22	138.55	41.10	85.45	79.59	28.89	37.73	38.22	66.57	102.26	92.06	38.26	18.20	61.46	64.27	85.14	99.13	62.53	48.36	15.21	18.80	25.77	68.89	24.81	73.69	54.71	30.95	99.43	42.19	17.27	149.85	42.11	21.18	25.34	14.99	27.22	33.50	56.26	69.17	100.82	139.27	71.16	14.95	59.72	17.23	28.10	208.33
2020-05-21	48.75	53.74	54.13	84.38	137.26	41.06	84.73	77.88	28.94	38.09	37.00	66.39	100.24	90.04	38.70	17.77	59.46	63.44	85.37	99.52	60.86	46.93	15.06	18.61	26.33	67.73	24.80	73.90	54.50	29.70	97.02	40.86	16.99	149.54	41.92	21.33	24.75	15.02	27.93	32.72	58.42	70.18	97.94	141.43	71.34	15.03	61.01	16.58	28.28	212.16
2020-05-22	49.52	53.02	53.55	84.20	136.58	40.62	86.52	76.80	28.82	36.90	36.70	66.08	101.90	88.83	38.96	17.29	59.94	64.16	87.65	100.43	60.14	45.61	15.09	18.26	27.04	65.97	24.65	73.08	54.45	28.78	94.98	39.99	17.02	147.55	40.86	21.41	24.65	14.78	28.07	33.12	58.10	70.94	97.87	144.24	70.84	14.60	62.39	17.14	28.70	214.97
2020-05-23	48.48	53.40	54.89	84.54	138.12	41.08	85.16	76.74	29.19	36.91	36.01	65.62	103.69	92.42	38.65	17.44	60.22	65.07	88.24	99.85	61.63	44.55	15.71	18.22	27.58	63.93	24.53	74.32	55.59	28.26	96.90	41.81	16.99	146.41	41.30	21.27	25.25	14.86	27.36	32.92	56.43	71.68	98.57	146.98	68.50	14.84	62.80	16.99	28.00	216.09
2020-05-24	48.70	53.76	55.73	82.81	137.08	40.83	83.24	74.91	30.03	37.98	36.36	64.96	104.88	96.40	39.98	16.71	59.43	65.32	87.69	101.49	61.20	43.13	16.31	18.87	26.78	62.07	24.59	73.79	55.64	27.75	95.49	43.20	17.47	144.04	41.29	21.54	24.95	14.81	27.36	32.95	59.00	71.65	99.71	146.12	69.39	14.46	63.92	17.43	28.43	223.73
2020-05-25	48.81	54.95	54.26	83.61	136.78	41.28	85.04	73.19	30.27	39.03	37.86	65.39	104.49	99.05	40.87	17.33	60.88	64.46	84.63	100.76	61.41	41.79	17.03	18.68	26.14	60.65	24.74	72.82	55.12	27.86	99.00	43.07	17.11	142.37	42.01	21.50	25.51	14.97	27.88	33.20	58.84	72.69	97.37	148.29	66.94	14.62	65.10	17.05	28.52	224.83
2020-05-26	49.73	55.84	52.97	84.96	138.84	40.41	82.85	73.04	30.72	37.52	37.32	64.90	102.41	98.93	41.21	17.54	60.24	64.10	86.45	102.07	59.17	42.90	17.64	18.05	27.13	59.28	24.65	72.08	55.07	28.03	101.31	41.22	17.51	144.32	41.42	21.67	25.50	14.93	27.08	33.85	58.91	72.06	97.94	151.42	64.35	15.00	66.24	17.76	28.45	217.34
2020-05-27	50.70	58.09	51.92	86.94	138.55	40.49	83.98	73.14	30.07	36.79	36.18	64.25	101.06	95.74	40.74	17.58	60.82	63.79	87.88	101.53	57.25	41.78	17.23	18.37	27.11	57.56	24.53	72.11	54.68	28.04	100.19	39.68	17.09	146.36	41.64	21.97	24.78	14.76	27.23	34.04	56.66	73.06	95.28	149.40	64.96	14.81	67.29	17.80	27.63	215.17
2020-05-28	50.96	59.10	53.66	84.92	140.77	40.40	85.82	74.44	30.82	37.71	37.68	64.57	101.45	95.68	40.57	17.60	59.81	64.22	88.18	100.59	56.80	42.88	17.64	18.93	27.62	59.89	24.55	73.18	53.48	28.55	101.91	38.06	17.28	145.31	42.59	21.75	25.28	14.54	27.93	33.67	57.49	74.09	95.32	153.49	62.58	14.90	68.47	18.36	27.29	208.39
2020-05-29	51.73	58.90	52.82	86.28	141.09	40.81	87.96	76.49	31.63	37.07	37.48	64.20	101.36	92.96	40.12	17.68	61.03	64.03	85.51	99.87	56.80	41.65	17.40	18.82	28.60	58.23	24.77	73.60	52.78	28.87	99.13	39.50	17.18	143.29	43.62	21.57	24.91	14.26	28.04	32.83	60.10	75.11	93.10	149.04	64.37	15.34	70.40	18.62	26.79	211.72
2020-05-30	52.36	58.61	52.71	87.20	142.94	40.31	87.90	74.17	31.26	38.09	36.99	64.80	99.80	90.07	41.25	17.71	59.00	63.27	89.35	100.20	57.13	41.94	17.13	19.53	29.14	57.25	24.94	74.82	51.89	28.12	95.30	40.14	17.03	144.74	44.57	21.57	24.27	14.29	27.98	31.93	62.20	75.97	91.87	145.48	65.26	15.11	70.24	19.33	26.92	208.63
2020-05-31	52.17	58.47	53.38	86.33	143.76	40.32	90.33	74.04	30.43	37.50	35.84	65.21	99.39	89.77	42.21	18.16	59.99	63.97	89.42	101.52	57.34	43.34	17.58	19.87	29.07	55.02	25.15	73.92	51.65	29.14	97.89	39.39	17.73	142.94	43.98	21.45	24.22	14.15	27.34	31.65	62.42	75.78	91.13	142.38	67.51	15.23	70.75	19.50	27.27	210.43
2020-06-01	52.31	57.10	54.89	85.29	142.41	40.91	92.06	72.29	30.48	37.50	36.67	64.46	97.53	89.87	41.03	17.36	59.13	64.39	93.59	102.22	55.21	42.83	17.37	19.25	29.96	53.05	25.23	74.21	52.65	28.84	100.49	41.12	17.70	145.82	43.73	21.51	23.54	14.32	28.06	31.98	62.34	76.23	91.96	144.23	67.45	15.64	71.14	18.91	27.48	210.70
2020-06-02	52.84	59.09	55.79	87.24	140.83	40.18	90.47	70.89	30.28	37.62	36.69	65.16	97.01	90.07	41.54	17.56	57.89	64.44	95.46	102.62	57.00	44.04	17.76	19.85	30.32	51.32	25.28	71.48	52.40	28.81	101.98	40.60	18.26	146.35	42.84	21.42	23.59	14.40	29.00	32.48	62.58	76.02	94.26	140.57	67.26	15.84	70.87	19.56	27.92	210.71
2020-06-03	53.31	57.81	57.05	86.78	141.93	39.57	88.63	72.42	30.19	37.68	36.86	64.92	97.19	88.13	40.48	17.85	55.74	64.63	98.26	104.76	58.21	44.51	17.25	20.25	30.05	52.15	25.31	72.78	51.37	28.83	103.25	40.65	17.74	145.03	43.22	21.42	23.46	14.25	28.47	32.97	62.36	75.54	92.03	139.80	69.05	15.62	68.91	18.96	28.29	219.58
2020-06-04	52.17	57.98	57.77	85.66	142.13	40.33	86.94	71.92	30.02	38.00	36.42	65.42	96.29	90.05	40.32	17.84	56.73	64.27	98.79	105.96	56.64	43.42	16.50	20.49	31.06	50.35	25.25	73.54	51.13	27.84	105.76	41.58	17.98	144.52	42.61	21.53	23.96	14.18	27.83	33.87	62.73	75.97	90.87	141.23	69.07	15.59	68.47	18.76	27.44	218.42
2020-06-05	53.06	58.06	58.72	83.53	144.15	40.79	87.63	73.85	30.22	38.41	37.96	65.61	96.94	88.13	39.97	17.56	54.80	63.30	98.31	104.29	55.65	44.57	17.01	19.93	30.59	49.10	25.22	72.33	51.50	27.30	103.98	42.64	17.85	143.72	43.38	21.66	23.21	14.45	28.02	34.07	62.36	76.20	89.08	142.68	68.06	15.58	69.14	18.83	28.13	216.44
2020-06-06	52.57	59.74	57.43	86.30	143.50	39.93	87.92	72.03	29.46	36.65	36.59	64.78	98.39	85.21	39.98	16.93	55.53	63.06	102.43	103.39	54.29	44.09	17.25	19.51	31.33	51.13	25.36	71.47	52.44	26.43	101.68	44.75	17.96	142.29	43.22	21.81	22.97	14.21	28.51	33.23	63.23	76.16	86.63	143.60	69.29	15.96	68.41	19.16	28.10	218.34
2020-06-07	52.64	59.44	57.11	85.90	145.62	40.43	86.55	70.32	29.66	35.78	35.46	64.59	96.93	88.41	38.56	17.10	57.19	63.66	106.61	105.09	53.51	43.40	17.25	20.16	32.18	53.12	25.51	71.29	51.63	25.91	104.10	44.88	18.09	143.22	43.48	22.06	22.53	14.44	28.32	32.52	60.50	76.04	84.90	144.74	71.33	16.35	70.02	19.27	27.56	223.72
2020-06-08	51.64	60.43	57.10	87.22	147.21	39.81	84.88	72.08	30.29	37.03	35.56	64.96	97.86	88.68	38.38	17.43	59.36	63.25	103.67	106.26	53.60	42.42	17.67	19.99	31.48	51.95	25.26	71.46	51.36	25.92	102.49	45.04	17.54	144.53	43.03	22.40	22.45	14.49	27.54	32.70	59.56	75.77	86.19	148.29	71.37	15.96	71.00	19.40	27.75	215.40
2020-06-09	51.71	58.37	56.68	89.41	146.83	40.25	85.12	73.18	29.61	38.28	36.14	64.30	96.38	87.55	39.10	17.54	57.59	62.99	102.69	107.91	53.20	41.97	17.15	19.64	30.47	51.30	24.99	70.67	50.48	24.89	100.22	44.34	17.72	145.10	42.02	22.17	22.11	14.53	26.80	32.05	58.45	75.91	86.12	152.99	72.84	15.70	70.16	18.92	27.51	209.22
2020-06-10	51.67	58.63	56.36	88.96	145.88	39.97	85.36	72.03	30.01	38.41	36.92	63.87	97.86	85.24	39.32	16.91	59.50	61.98	105.32	107.07	52.94	40.74	17.19	20.37	30.72	51.43	24.90	69.70	50.35	23.96	97.47	45.75	17.13	144.78	42.17	21.94	21.92	14.36	26.12	32.18	58.38	76.36	85.43	148.39	73.61	15.72	68.66	19.42	28.29	204.67
2020-06-11	51.15	57.06	55.57	90.51	145.99	39.79	83.12	70.66	30.40	37.12	35.91	63.14	96.11	87.27	39.07	16.91	59.33	61.04	103.02	108.92	53.19	41.97	17.81	20.73	31.06	52.42	24.88	69.69	51.49	24.28	95.57	45.85	16.60	145.80	41.70	21.73	21.21	14.55	26.05	31.53	56.94	76.97	87.62	149.84	73.57	15.42	67.02	19.53	27.67	198.15
2020-06-12	51.96	56.33	54.25	93.28	144.93	39.52	81.30	72.18	29.98	38.11	34.72	63.75	94.24	84.08	40.45	17.07	57.28	59.99	107.23	111.02	51.33	42.67	18.32	20.58	31.42	54.09	24.79	70.94	52.54	23.98	97.60	45.75	16.45	148.37	42.05	21.60	20.96	14.62	25.74	32.08	59.29	77.94	87.95	145.64	73.07	15.43	65.94	19.37	26.95	200.74
2020-06-13	52.57	55.28	53.01	91.86	143.76	39.32	83.35	74.43	30.42	37.54	33.37	63.63	92.94	83.01	39.45	17.69	56.22	60.06	108.86	110.74	51.67	41.65	18.91	20.86	31.88	52.67	24.62	71.13	51.36	23.73	98.74	46.94	15.86	148.06	41.30	21.52	20.43	14.90	25.85	31.81	60.62	77.26	87.12	143.21	71.19	15.11	64.48	19.36	26.72	198.97
2020-06-14	52.37	55.47	53.86	90.87	145.55	39.89	84.39	74.34	31.28	39.24	33.21	62.97	92.75	85.65	39.22	17.36	57.65	60.50	110.73	109.54	52.91	41.20	19.50	20.13	33.02	50.81	24.80	71.22	51.84	23.76	97.58	49.09	15.70	150.54	40.46	21.28	19.94	14.85	25.86	31.20	61.87	76.96	85.35	141.24	73.77	15.28	62.80	20.12	27.31	199.91
2020-06-15	51.83	55.73	54.23	91.36	146.51	39.50	86.15	74.00	31.64	38.57	34.64	63.23	90.90	88.64	38.01	18.00	58.06	60.21	114.58	107.84	52.32	41.84	20.08	19.67	32.37	50.08	24.82	71.43	51.84	23.26	96.66	47.98	16.21	149.92	40.27	21.29	20.05	14.53	26.35	31.61	63.15	78.15	85.44	138.71	71.31	14.92	63.55	20.65	28.07	204.88
2020-06-16	51.70	56.12	54.58	92.81	148.60	39.57	84.98	73.77	31.07	37.44	35.03	63.35	91.39	90.77	38.78	18.51	58.74	59.84	110.35	109.33	50.96	40.65	20.95	19.40	32.03	48.97	25.02	70.34	51.90	23.06	100.19	46.39	16.74	152.02	40.40	21.67	20.12	14.52	26.18	30.96	64.29	77.47	87.59	141.10	72.64	14.72	62.33	21.29	27.59	211.30
2020-06-17	51.45	56.25	56.12	93.10	146.97	40.21	84.79	73.21	30.96	37.15	35.46	62.53	91.85	88.25	39.80	19.31	58.95	59.93	113.73	107.42	49.51	41.01	21.42	19.46	32.56	50.83	25.00	71.45	52.70	22.72	97.46	45.28	16.73	154.32	40.25	21.73	20.00	14.38	27.01	31.50	65.25	77.87	89.60	144.32	70.70	14.32	61.70	21.08	27.78	208.12
2020-06-18	52.46	57.70	56.81	91.80	147.65	40.96	83.91	73.57	31.13	37.64	35.70	63.17	91.66	85.92	39.98	18.93	59.54	60.15	115.53	106.20	47.81	40.85	22.03	20.17	32.60	51.54	25.25	71.05	51.64	22.98	94.10	44.35	16.21	151.78	40.85	22.08	20.22	14.53	26.60	31.74	64.28	78.84	92.02	147.37	72.46	14.18	66.82	21.63	27.31	204.28
2020-06-19	51.94	57.88	55.56	90.52	147.96	41.36	81.67	73.85	30.76	38.73	36.97	62.95	91.55	82.27	39.33	18.72	60.19	60.12	116.38	105.38	48.85	40.17	21.54	19.63	33.37	50.06	25.23	71.84	50.52	23.09	91.15	44.42	16.23	153.13	40.07	22.30	20.86	14.46	27.09	32.05	62.07	78.57	92.39	151.76	74.07	14.49	67.64	21.48	28.14	198.48
2020-06-20	50.92	56.65	56.72	90.49	147.55	40.96	83.77	73.72	30.88	37.87	36.70	62.95	91.08	81.40	38.39	18.31	59.89	59.98	116.73	103.70	48.50	39.58	21.52	19.13	34.58	51.15	25.19	71.72	50.89	23.67	92.50	46.08	15.87	151.73	39.43	22.66	20.95	14.66	26.46	33.04	63.09	78.34	94.00	150.16	73.81	14.46	68.46	22.08	27.99	197.74
2020-06-21	50.47	58.94	55.37	93.02	147.36	41.55	84.60	75.70	31.25	35.72	35.56	62.17	90.10	84.49	37.89	17.78	61.02	60.05	121.08	103.16	50.14	39.98	21.40	19.59	34.10	49.33	25.44	72.79	50.83	24.12	92.52	47.74	15.77	153.26	40.15	22.94	20.95	14.46	27.18	33.15	65.29	78.55	93.80	149.63	74.52	14.07	67.40	22.34	27.37	197.19
2020-06-22	49.92	59.23	55.76	96.03	147.70	41.82	82.83	76.63	30.39	37.37	35.33	62.63	91.10	87.19	37.40	17.38	59.94	61.02	120.73	103.81	51.92	39.49	22.07	19.27	33.70	49.50	25.48	72.84	50.27	23.31	90.40	47.49	15.31	156.19	40.17	22.93	21.12	14.60	26.83	34.08	67.78	78.97	93.73	152.42	72.63	13.82	66.27	21.47	26.51	189.92
2020-06-23	50.26	57.71	54.38	95.74	147.79	42.58	82.06	76.52	29.51	38.29	35.24	62.40	92.86	97.63	37.26	16.85	58.56	60.07	122.90	102.63	53.22	39.61	21.38	18.92	35.04	51.16	25.73	73.44	50.16	23.44	89.03	45.44	15.85	154.35	39.69	23.19	20.78	14.56	27.41	34.24	68.77	79.45	95.50	148.19	70.91	13.59	64.38	22.33	26.75	186.91
2020-06-24	50.91	57.87	55.89	97.28	150.12	42.72	82.98	74.66	30.28	38.80	36.43	62.42	91.09	97.56	35.89	16.38	56.59	60.98	124.49	100.82	52.48	40.39	21.31	19.53	34.08	52.51	25.74	73.45	49.85	23.25	92.27	45.07	15.76	154.00	39.19	23.34	20.19	14.74	26.97	33.42	70.46	80.08	97.69	147.87	72.56	13.88	62.70	22.74	27.01	180.30
2020-06-25	50.22	59.70	56.98	97.77	149.22	41.82	82.97	74.64	29.33	43.92	35.37	61.60	93.09	101.66	34.57	16.40	54.65	60.40	125.31	102.24	53.23	40.35	20.61	19.33	34.95	54.10	25.81	73.45	50.09	22.50	89.40	46.05	16.06	153.54	39.30	23.28	20.31	14.71	27.66	33.11	67.83	80.46	100.53	146.92	74.14	13.56	60.97	22.21	27.25	189.32
2020-06-26	50.75	58.92	56.14	98.62	148.80	41.56	81.97	74.84	28.41	41.98	34.82	61.59	94.78	98.47	33.83	16.25	56.52	61.17	127.62	101.34	53.73	39.82	21.41	19.46	34.62	55.74	25.97	72.21	49.78	23.04	92.20	48.24	15.58	153.81	40.20	23.59	19.82	14.64	27.40	32.53	69.07	81.23	98.36	144.15	72.20	13.21	61.69	22.57	27.18	187.06
2020-06-27	50.82	59.14	54.99	100.61	150.96	42.08	80.17	76.22	28.73	41.63	35.99	61.58	94.67	97.03	33.19	16.75	56.92	60.24	131.48	103.46	52.81	40.44	21.33	20.08	34.74	57.12	25.90	71.85	49.91	23.48	96.04	46.68	15.86	156.83	41.18	23.57	20.32	14.57	27.70	32.46	66.22	80.43	96.96	142.54	71.33	13.47	59.82	22.57	27.00	187.64
2020-06-28	51.17	58.82	55.83	100.17	153.07	42.79	82.20	75.05	29.50	42.02	37.36	61.50	95.59	98.86	33.81	17.36	55.24	60.78	136.50	103.29	53.84	40.68	22.22	20.80	33.52	55.65	25.86	71.61	49.23	23.43	95.36	46.34	15.95	155.36	42.23	23.85	20.29	14.81	28.16	33.23	68.66	79.60	96.89	147.00	72.76	13.67	59.42	22.24	27.70	193.27
2020-06-29	50.87	60.90	56.68	98.34	153.76	41.89	82.64	73.94	30.12	41.26	36.71	61.60	95.33	99.11	34.92	17.93	54.15	61.67	136.69	103.01	54.46	40.18	22.07	21.50	33.10	56.54	25.82	70.87	48.39	24.23	92.11	45.22	15.33	156.51	41.84	23.72	20.37	14.53	28.96	32.74	67.37	80.90	94.64	142.75	74.11	13.30	60.94	21.40	27.46	192.38
2020-06-30	49.92	61.36	55.66	96.19	155.86	42.07	83.38	74.98	29.22	43.09	36.50	61.95	96.41	98.92	33.62	17.31	56.05	62.63	133.48	101.66	54.86	38.85	22.03	21.69	33.91	56.09	25.89	70.12	48.80	24.20	90.01	44.17	15.64	157.77	41.21	23.45	21.03	14.35	28.96	31.90	64.62	80.24	93.88	142.64	75.04	13.61	60.47	20.63	27.94	195.60
2020-07-01	49.00	61.34	56.25	94.18	155.19	42.11	85.92	77.03	30.04	45.01	36.64	62.19	98.55	102.41	34.49	17.10	57.98	62.80	132.70	99.87	53.89	38.98	21.75	21.96	35.04	54.40	26.09	69.33	47.91	23.43	93.11	42.40	15.66	160.05	42.12	23.74	20.39	14.11	28.15	31.24	67.19	80.45	95.32	140.17	77.66	13.94	61.62	20.83	28.11	201.17
2020-07-02	49.64	62.19	58.14	96.75	157.62	41.23	88.27	78.01	29.09	43.23	37.77	62.32	97.24	101.82	35.60	17.47	57.05	63.07	131.19	100.72	54.76	37.91	22.00	21.55	35.39	54.63	25.99	69.57	48.60	24.12	93.72	42.00	16.24	158.23	41.75	23.54	20.94	14.12	28.94	31.18	68.87	81.09	97.56	137.58	76.85	14.30	60.15	21.21	27.36	197.65
2020-07-03	50.14	60.02	59.93	98.33	157.48	41.63	86.08	80.06	28.67	44.79	36.71	62.93	95.91	103.96	36.83	16.94	55.17	64.05	126.65	99.30	56.73	37.25	23.04	22.22	36.73	55.66	25.88	70.47	49.18	24.29	94.63	43.96	16.43	157.88	41.81	23.66	21.09	14.00	29.12	31.79	70.56	80.97	100.29	141.90	77.82	14.01	60.86	21.36	26.49	197.24
2020-07-04	50.60	59.33	59.23	95.83	158.80	41.46	87.03	82.13	28.88	46.58	35.30	62.64	95.60	103.26	37.14	17.24	53.80	63.41	123.99	100.99	55.86	38.55	23.38	22.98	36.25	53.84	26.14	71.61	50.12	24.63	93.64	45.93	16.22	156.72	40.76	23.47	21.73	14.25	28.20	32.15	71.47	82.27	100.70	138.07	79.12	13.64	59.39	22.10	25.86	191.78
2020-07-05	49.74	59.60	59.67	95.12	158.65	40.68	89.37	82.01	28.10	45.66	34.39	62.73	95.46	106.60	36.19	16.58	52.55	63.70	118.45	102.93	55.06	38.58	24.05	22.17	37.00	55.69	26.10	71.31	50.06	23.80	94.26	44.89	16.41	159.94	41.30	23.35	21.49	14.18	27.37	32.43	71.11	82.64	101.66	140.43	82.09	13.28	59.67	21.79	25.41	188.07
2020-07-06	49.00	57.55	61.27	95.90	160.52	40.07	91.14	82.18	28.36	45.41	33.67	62.76	93.77	107.36	36.15	16.81	54.04	62.93	118.83	105.07	56.92	37.37	23.45	21.94	36.32	53.52	25.83	70.89	49.87	23.52	93.70	47.01	17.07	158.67	41.21	23.12	21.70	14.30	27.56	32.06	69.40	82.06	100.92	142.67	82.61	12.89	58.51	22.00	25.26	189.74
2020-07-07	49.22	59.07	59.92	96.15	159.80	39.50	91.85	82.57	27.46	44.55	33.24	62.31	95.79	111.81	37.27	16.52	52.99	62.01	117.97	105.93	58.00	37.87	23.63	21.56	35.80	52.24	25.55	70.70	51.01	23.00	93.60	45.98	16.52	161.97	41.39	23.05	21.35	14.11	28.17	31.71	66.33	82.76	99.76	139.02	82.52	12.88	59.32	22.42	24.59	191.26
2020-07-08	49.43	58.61	60.18	93.39	158.58	39.10	89.60	84.23	27.94	44.11	33.03	62.72	95.46	110.14	38.11	17.19	53.78	62.47	121.71	106.66	59.28	38.61	23.56	22.20	34.76	53.44	25.63	69.62	50.66	22.75	94.56	47.31	17.18	165.16	40.87	23.29	21.54	14.19	28.98	32.09	65.83	83.81	99.78	138.05	81.98	12.79	58.98	21.80	24.60	190.56
2020-07-09	49.18	57.45	60.81	95.88	160.38	38.86	92.00	82.98	28.76	44.17	31.86	62.69	97.56	112.64	37.82	17.85	54.44	62.85	124.55	105.89	60.66	39.77	22.66	22.31	33.58	53.48	25.63	69.04	50.90	22.84	96.14	48.87	17.00	166.52	41.21	23.08	21.85	14.14	29.23	32.14	64.42	83.94	100.34	137.81	82.61	12.43	59.31	22.05	24.83	194.82
2020-07-10	48.14	58.70	60.68	97.07	160.41	38.43	93.92	83.28	28.03	45.47	33.16	62.58	95.95	115.00	38.45	18.61	55.09	63.53	121.82	104.52	61.53	38.42	22.87	23.00	32.95	55.47	25.37	68.82	50.57	22.13	95.56	50.51	16.61	165.91	40.29	22.88	22.09	14.08	30.04	32.94	65.07	83.96	101.01	135.51	84.93	12.78	60.09	21.25	25.04	201.37
2020-07-11	49.11	57.98	60.29	98.02	159.61	38.92	96.36	85.42	28.77	45.71	33.51	62.01	97.98	111.51	38.83	19.13	55.02	62.90	125.17	105.05	62.36	39.10	23.91	23.34	32.84	57.00	25.42	69.67	50.95	22.06	96.09	49.00	16.97	166.38	39.84	22.69	22.70	14.07	30.14	32.97	66.99	83.44	99.68	137.80	82.11	13.04	60.55	20.62	24.93	197.43
2020-07-12	49.70	57.53	58.97	98.67	158.67	39.24	98.96	84.75	29.34	47.00	32.24	62.18	99.83	115.19	39.96	18.46	52.78	62.26	129.74	105.16	64.42	37.94	24.10	23.12	33.25	57.92	25.43	69.89	51.25	21.44	99.07	49.14	16.46	166.85	39.02	23.03	22.02	14.25	30.57	33.47	67.72	83.45	98.82	140.13	81.65	13.17	61.53	19.92	25.53	190.17
2020-07-13	49.68	57.08	60.38	97.52	160.22	39.13	98.81	84.15	28.91	46.86	33.36	62.70	101.71	115.03	41.06	19.03	54.21	63.26	135.01	106.35	65.16	37.94	24.41	23.75	34.45	56.24	25.48	69.43	51.97	20.56	97.56	49.49	16.84	169.17	38.77	23.29	22.61	14.12	31.57	33.95	66.17	84.02	98.03	141.89	80.79	13.34	62.67	19.81	25.39	193.77
2020-07-14	50.01	58.71	61.88	96.57	159.44	39.84	97.42	85.77	29.29	48.96	32.61	62.52	103.34	117.07	40.31	18.32	52.51	64.06	133.43	106.49	67.56	37.31	23.93	23.65	34.16	56.57	25.63	69.18	51.80	20.79	98.33	48.63	16.52	167.88	37.67	23.11	22.52	14.14	30.93	34.03	65.13	83.26	99.88	140.45	80.96	13.04	61.60	19.07	25.42	195.20
2020-07-15	50.24	57.76	60.98	95.75	160.05	40.61	95.55	87.77	29.79	48.19	32.22	62.43	101.26	119.18	39.79	18.97	54.60	63.15	138.33	108.39	70.06	38.49	24.91	23.77	32.88	54.52	25.59	68.18	52.68	20.78	102.31	47.11	16.85	168.58	38.18	23.18	22.92	14.31	31.07	34.50	67.00	83.20	102.11	138.45	78.18	13.33	62.15	19.65	25.98	192.47
2020-07-16	49.70	56.53	62.50	96.94	161.97	41.39	93.90	89.20	30.42	47.97	33.45	62.64	100.75	122.65	40.33	19.12	55.91	62.14	140.71	110.18	71.49	39.71	24.92	24.36	31.72	56.13	25.77	69.07	53.52	20.92	106.19	48.51	17.22	167.19	37.61	23.14	22.58	14.11	30.13	34.31	65.58	82.65	103.27	139.91	80.44	13.00	61.15	18.91	25.58	187.23
2020-07-17	49.48	55.31	63.02	95.84	161.02	41.25	94.42	88.38	31.16	49.95	32.26	63.05	101.34	124.39	39.53	18.64	55.23	62.77	147.37	110.69	71.92	38.99	24.95	23.70	32.83	55.73	25.85	68.78	52.85	20.73	108.74	48.91	17.59	164.63	37.06	23.23	22.40	14.11	29.28	33.66	67.37	82.59	100.81	142.73	80.10	12.75	62.69	18.99	25.02	186.73
2020-07-18	48.81	56.33	64.16	95.31	159.73	40.87	95.09	86.57	31.40	51.38	33.54	62.95	100.88	120.54	39.39	18.32	56.26	61.67	153.84	112.01	71.02	39.92	25.43	23.78	32.71	57.27	26.02	69.66	52.46	20.56	107.94	47.81	17.43	164.05	36.30	23.51	22.88	14.27	29.44	33.12	69.77	83.33	103.40	140.90	82.14	12.79	64.57	19.65	25.68	180.74
2020-07-19	47.94	54.74	62.53	97.64	159.72	40.26	93.44	84.56	30.85	53.38	33.24	63.07	100.76	116.54	40.08	18.31	54.39	60.61	147.06	112.58	71.09	41.22	25.86	23.01	31.75	54.97	25.81	69.36	52.73	20.26	105.88	50.26	16.85	166.07	36.97	23.62	22.86	14.01	29.08	34.04	72.78	84.05	105.64	143.13	83.27	12.50	66.11	19.64	25.03	186.50
2020-07-20	47.66	56.76	62.23	97.11	161.23	40.39	96.17	87.15	31.71	55.24	33.75	62.50	101.70	117.70	40.65	18.24	54.97	59.77	151.26	113.16	69.24	41.48	26.13	23.64	31.77	56.66	26.05	70.25	53.51	20.68	109.38	51.50	16.91	165.47	35.99	24.00	22.72	13.92	30.04	35.01	70.47	83.74	105.15	140.66	84.53	12.50	64.95	19.64	25.29	182.48
2020-07-21	47.55	55.76	61.19	94.92	161.58	39.94	98.24	88.85	30.80	52.83	33.31	62.84	102.57	114.80	40.73	18.42	54.19	59.93	148.85	111.96	69.61	42.21	24.98	23.99	32.84	54.78	25.84	70.50	53.50	20.35	113.10	49.36	16.23	166.99	35.60	24.28	21.99	13.73	29.35	34.21	73.36	82.91	106.29	140.04	85.09	12.42	64.65	19.05	25.93	177.65
2020-07-22	47.31	55.62	63.10	94.84	160.24	40.16	98.70	89.86	30.05	51.90	32.86	62.18	100.61	112.83	40.66	18.82	51.94	59.62	150.70	112.08	69.70	43.43	24.57	24.03	32.34	56.67	25.68	70.77	53.63	19.77	114.99	49.13	16.52	167.80	36.45	24.32	21.75	13.84	30.23	34.02	70.74	82.21	108.28	136.43	83.78	12.10	64.92	18.64	25.77	184.84
2020-07-23	46.48	54.08	61.54	97.44	162.48	40.93	99.25	91.30	30.41	53.22	31.96	61.43	101.27	115.20	40.50	18.68	51.08	59.80	147.42	113.81	69.78	42.05	25.60	23.47	32.02	54.59	25.49	71.36	52.97	19.47	119.09	48.31	16.87	167.41	36.35	24.67	21.70	13.77	29.90	34.91	67.79	82.43	105.57	140.56	81.31	12.42	64.62	19.43	24.94	186.11
2020-07-24	46.31	53.40	60.67	99.57	163.40	40.08	99.92	93.83	31.08	53.00	31.14	61.46	102.13	115.67	39.84	18.61	50.07	60.17	142.30	113.27	67.68	41.19	24.47	23.88	31.41	53.60	25.40	70.88	52.13	18.69	118.12	46.12	16.22	170.49	35.92	24.77	21.21	13.84	29.62	35.18	65.55	83.59	104.26	145.05	82.84	12.33	64.54	19.61	24.96	181.63
2020-07-25	45.48	51.57	61.43	99.99	162.89	39.78	97.53	94.38	31.75	51.11	31.05	61.54	102.11	115.70	40.03	18.95	51.94	59.88	140.03	113.35	65.13	42.30	24.87	23.59	32.34	53.45	25.66	71.52	52.44	18.34	115.60	47.69	16.63	168.03	35.05	24.80	20.64	13.77	29.09	35.95	66.12	83.75	102.32	143.01	83.47	12.66	64.79	19.07	25.63	181.03
2020-07-26	45.46	53.26	60.59	99.08	163.72	39.95	97.83	94.26	31.85	49.39	30.31	61.46	101.71	112.17	40.45	19.28	51.04	59.67	140.62	115.25	66.98	42.21	25.69	24.08	33.60	55.10	25.42	72.28	53.07	18.72	113.83	48.25	16.70	169.46	35.20	24.95	20.39	13.87	29.82	34.96	67.58	83.39	105.38	143.73	80.75	12.28	65.12	19.16	25.44	174.81
2020-07-27	45.92	52.80	62.01	99.86	163.21	39.76	98.73	95.77	31.50	48.94	29.64	61.27	100.29	111.92	40.75	19.63	52.16	59.28	137.87	113.60	66.32	43.25	26.17	24.48	32.31	55.32	25.59	71.17	53.57	19.35	110.26	48.23	16.57	170.12	35.01	24.70	20.30	14.06	29.56	34.20	70.56	83.75	108.08	141.92	77.59	12.50	64.89	19.02	25.66	168.79
2020-07-28	46.11	52.77	63.64	98.40	163.59	40.54	97.58	93.03	31.65	47.04	28.74	60.63	98.25	108.88	40.35	19.55	51.28	58.58	138.07	113.43	68.54	43.35	26.00	24.10	31.79	56.39	25.51	70.84	54.02	19.30	113.93	48.88	16.93	169.74	35.45	25.08	20.40	14.29	29.94	34.89	70.69	85.04	109.13	145.22	75.29	12.75	63.39	18.97	25.30	174.19
2020-07-29	45.54	53.60	62.43	96.19	165.95	40.77	98.28	91.05	31.28	47.34	27.71	60.82	100.36	104.49	41.30	19.07	52.02	58.56	139.09	113.12	67.29	42.76	26.43	24.13	31.34	57.66	25.73	71.23	53.28	19.29	110.47	47.67	17.33	168.35	34.56	25.36	20.25	14.08	29.44	34.27	70.18	86.41	110.43	149.96	73.33	12.41	63.00	19.74	25.42	179.69
2020-07-30	46.33	55.45	62.39	95.27	167.51	41.19	97.29	91.79	32.06	49.35	27.61	61.33	100.09	104.35	40.31	18.93	51.05	58.46	142.05	114.54	64.88	42.70	26.83	23.29	31.74	57.95	25.60	72.16	54.09	20.03	114.13	48.04	17.18	165.68	33.77	25.12	20.40	14.29	29.64	34.97	72.94	87.44	110.32	147.26	73.32	12.45	62.86	19.17	25.36	180.39
2020-07-31	45.38	55.66	61.15	97.54	168.28	40.35	95.57	92.36	32.08	51.52	27.58	61.54	99.63	101.64	40.54	19.05	53.08	58.23	144.35	113.57	63.72	41.75	27.16	23.85	32.63	59.07	25.61	72.37	53.20	20.53	110.86	50.14	17.30	166.02	34.51	25.52	20.83	14.34	29.77	34.11	74.00	87.66	112.68	151.99	72.00	12.42	63.92	18.53	25.09	184.00
2020-08-01	45.56	55.24	62.10	94.97	167.75	40.19	97.67	90.15	32.04	51.09	27.71	60.73	97.88	98.35	39.12	18.94	54.59	57.39	148.43	111.79	64.35	42.16	28.13	23.76	32.77	60.27	25.38	73.03	52.45	19.67	112.04	47.77	17.43	166.82	35.17	25.61	20.72	14.44	29.49	32.98	73.23	86.96	111.20	147.86	74.67	12.46	62.66	19.29	25.84	187.41
2020-08-02	45.57	53.69	64.02	94.52	169.77	39.61	99.79	92.53	31.36	48.81	28.03	60.10	96.44	97.51	39.13	18.58	54.93	56.71	149.32	107.88	66.07	41.92	27.23	23.63	31.58	59.32	25.29	71.96	52.60	19.53	108.79	48.10	16.73	168.07	34.52	25.64	21.06	14.39	29.98	33.74	71.65	86.48	111.01	151.94	72.44	12.52	64.35	18.99	25.08	191.14
2020-08-03	46.27	52.55	63.56	94.98	171.95	40.01	99.93	90.01	31.78	47.15	27.72	60.69	96.10	98.41	38.93	17.89	55.98	56.10	145.92	106.15	65.41	41.47	27.27	24.12	31.97	56.90	25.27	72.22	52.66	19.31	107.37	50.19	16.45	168.65	34.58	25.89	20.46	14.22	30.60	34.52	73.71	86.16	110.71	149.66	73.10	12.71	65.57	19.35	24.34	194.90
2020-08-04	47.16	53.15	63.85	96.97	173.04	39.95	102.51	88.67	31.89	46.45	27.13	60.99	94.62	94.66	39.50	17.79	55.19	55.44	152.72	107.91	67.30	41.27	26.41	23.41	33.23	56.21	24.98	71.14	53.58	18.95	107.37	51.95	15.92	169.58	34.37	26.23	21.06	14.34	27.06	34.95	75.22	86.07	112.35	151.76	73.63	12.88	65.30	19.53	23.70	198.11
2020-08-05	46.84	52.47	64.23	97.70	174.93	39.72	104.57	89.19	31.83	48.58	26.05	61.18	95.66	90.76	39.49	18.43	56.58	55.77	156.50	108.26	65.42	40.90	26.41	24.03	34.49	55.71	24.86	69.99	54.11	18.96	109.06	54.14	16.48	169.62	34.26	26.39	21.50	14.44	27.76	35.44	76.48	85.71	114.48	152.96	75.13	12.86	63.87	18.94	24.42	197.35
2020-08-06	47.69	50.64	62.53	96.77	173.22	39.97	106.15	90.46	31.34	49.27	25.65	61.57	95.91	90.35	38.42	18.72	56.08	56.40	155.81	110.25	66.43	42.00	26.26	23.49	34.36	57.23	24.68	71.22	55.27	19.03	107.06	56.67	16.54	170.28	33.88	26.54	21.55	14.47	27.36	34.41	78.88	85.19	117.76	152.38	77.40	13.22	62.09	19.53	24.29	199.30
2020-08-07	48.25	51.99	63.21	94.05	174.64	39.11	105.31	93.22	30.53	51.31	26.15	62.18	97.77	91.74	38.91	18.17	57.40	55.89	153.93	108.75	64.18	42.37	27.49	22.82	33.33	57.53	24.84	72.10	54.63	18.93	103.20	54.01	16.53	167.62	33.68	26.53	22.18	14.31	28.16	34.08	81.31	85.63	117.93	155.99	79.48	13.19	63.16	19.83	24.93	198.63
2020-08-08	48.78	51.33	64.55	97.20	173.81	39.35	103.69	91.16	30.97	51.24	26.30	62.73	97.04	89.15	38.11	17.90	55.55	55.57	156.46	107.14	62.94	42.33	27.98	22.28	34.33	55.81	25.00	71.15	55.44	19.41	106.41	51.75	16.54	166.20	33.10	26.28	21.49	14.42	27.97	34.53	78.13	85.45	116.51	160.30	77.23	12.88	62.97	20.24	25.50	205.28
2020-08-09	48.63	50.70	66.41	94.68	172.17	39.62	106.51	91.09	31.32	53.33	26.46	62.77	99.04	91.97	39.12	18.02	57.43	55.74	157.12	106.80	61.22	41.68	27.20	22.34	33.28	54.10	24.85	72.01	54.33	19.24	102.34	53.65	16.72	166.15	32.41	26.48	21.15	14.42	27.59	35.08	81.47	84.55	118.43	164.32	76.09	13.00	61.23	20.71	24.74	203.62
2020-08-10	49.20	52.75	68.58	91.87	172.70	40.34	103.65	92.63	31.14	51.89	25.90	63.29	99.88	93.53	38.74	18.68	55.58	55.18	153.96	105.24	61.13	40.78	27.13	21.59	34.60	53.08	25.01	73.27	55.44	19.72	102.16	54.40	16.89	169.01	32.35	26.60	20.72	14.34	28.42	35.23	84.24	85.72	115.21	168.68	75.69	12.82	59.44	20.33	23.97	212.19
2020-08-11	50.04	53.57	70.69	89.79	173.67	40.30	104.17	90.98	31.23	50.30	24.87	62.82	101.20	90.90	37.35	17.95	54.79	55.49	156.95	103.58	59.57	40.66	27.29	21.95	35.30	53.09	25.09	72.17	56.39	19.79	103.74	52.11	16.29	170.13	31.60	26.97	20.66	14.51	28.31	35.18	86.15	86.50	117.80	164.03	74.22	12.74	58.67	19.55	24.54	207.43
2020-08-12	50.87	54.14	70.24	90.93	176.08	40.06	101.64	89.73	31.96	52.10	24.57	62.54	99.90	88.88	37.96	18.17	56.63	55.91	153.27	104.47	57.77	41.28	26.14	21.55	34.40	53.64	24.86	71.11	57.24	19.13	105.95	51.93	15.71	167.41	31.88	26.70	20.61	14.80	29.01	35.10	87.95	86.39	119.11	166.89	76.71	12.68	58.29	18.90	24.34	206.35
2020-08-13	50.25	56.11	72.50	89.53	174.11	39.31	100.57	91.51	31.44	49.88	24.13	62.19	98.42	87.52	37.82	18.50	56.12	55.34	149.19	106.01	56.59	40.54	26.08	22.14	34.26	53.42	24.88	70.05	56.85	18.46	108.37	50.76	15.24	166.35	31.29	26.48	21.23	14.96	29.89	34.47	84.97	86.25	116.73	165.02	79.80	12.58	57.45	18.36	23.72	209.64
2020-08-14	49.89	56.76	72.95	89.56	176.89	39.48	98.50	91.81	32.00	52.01	23.48	62.74	99.44	88.66	38.24	19.23	57.55	54.72	147.19	104.20	58.32	40.25	25.61	22.60	33.95	53.72	24.92	70.73	56.87	18.44	106.00	52.50	15.25	165.43	31.82	26.23	20.69	14.70	29.94	35.32	85.44	85.31	115.38	163.65	77.14	12.71	56.39	18.87	23.37	206.07
2020-08-15	48.80	55.08	73.61	91.77	179.64	38.84	97.44	92.77	32.57	54.27	23.69	63.25	98.21	90.14	39.58	19.24	59.19	55.22	153.81	105.64	57.35	39.15	25.52	23.15	34.84	55.46	24.99	70.47	57.79	19.01	102.20	50.73	15.21	167.93	31.04	26.21	20.33	14.54	29.85	34.41	81.90	85.91	112.31	166.36	75.26	12.78	56.74	19.08	23.33	212.09
2020-08-16	48.51	55.77	73.72	90.85	180.65	39.63	99.65	94.84	33.17	55.75	24.00	62.64	96.91	92.61	38.49	19.10	59.46	54.41	158.98	107.52	55.39	39.65	26.58	23.75	36.08	53.43	24.96	71.57	57.42	18.57	100.01	50.61	15.13	166.12	30.18	26.20	20.65	14.58	29.37	35.14	78.54	86.66	109.62	168.43	74.81	13.12	55.78	19.01	22.73	213.94
2020-08-17	48.87	56.64	71.75	90.44	180.49	39.31	101.58	92.53	34.08	56.18	24.37	61.90	95.29	94.56	39.29	18.51	58.18	55.18	153.62	108.53	53.89	40.34	25.54	23.49	35.63	52.79	24.87	71.19	57.77	18.38	102.93	49.29	14.59	169.05	29.90	26.49	20.14	14.63	29.84	34.99	77.18	87.01	109.09	167.73	75.78	12.73	54.26	19.68	22.46	214.16
2020-08-18	49.31	58.03	72.74	91.68	179.71	39.07	99.42	95.25	33.91	55.34	24.86	61.66	94.75	93.69	40.26	18.47	58.36	55.08	149.90	106.89	52.77	40.42	24.37	24.25	36.90	54.80	24.96	70.25	57.13	18.68	103.13	48.91	14.78	167.21	29.20	26.41	20.06	14.75	29.44	35.74	76.28	88.37	110.15	164.41	72.80	13.10	54.74	19.59	21.77	219.12
2020-08-19	49.63	59.58	79.62	89.14	181.54	39.72	100.51	97.94	34.07	56.06	25.77	62.00	94.69	95.67	41.60	19.24	56.71	54.43	151.66	109.07	52.85	40.40	25.13	25.09	36.07	53.63	25.01	71.02	58.35	17.95	99.41	48.91	14.61	165.40	29.38	26.51	20.36	14.75	29.87	35.24	79.70	89.03	107.55	165.35	72.41	12.91	53.61	20.38	21.90	220.90
2020-08-20	50.18	61.28	77.44	90.26	182.01	39.83	103.42	97.25	34.08	57.58	26.76	61.52	96.16	95.90	40.42	18.40	55.10	54.37	151.01	109.27	52.50	40.04	26.30	25.44	35.40	54.05	24.74	71.75	58.16	18.64	100.49	49.72	14.75	168.66	29.44	26.45	20.38	14.90	30.71	34.71	76.51	89.97	107.51	167.65	72.75	13.14	53.94	20.32	21.67	215.77
2020-08-21	50.45	59.12	78.03	88.37	180.99	40.06	103.12	95.55	33.13	59.28	26.19	60.96	95.83	93.55	41.72	18.84	55.42	54.41	152.81	108.20	51.34	38.99	27.19	25.41	36.39	52.04	24.49	71.63	57.10	18.85	103.76	51.61	14.93	168.74	29.52	26.66	19.78	14.85	30.51	33.75	74.57	88.94	110.61	162.90	74.11	12.81	52.27	21.12	21.82	214.40
2020-08-22	51.27	58.13	75.87	86.54	181.36	39.95	101.91	93.66	33.91	60.13	25.49	61.00	94.00	90.35	40.97	19.35	56.82	53.48	155.32	107.75	51.39	38.09	26.03	25.93	37.15	51.20	24.21	72.79	57.24	18.18	107.99	51.43	14.77	172.05	29.45	26.39	19.12	14.65	30.81	34.68	76.17	89.55	107.72	166.54	76.03	12.56	52.41	21.50	22.25	206.64
2020-08-23	50.96	60.30	75.12	84.09	182.20	40.06	101.69	96.03	33.20	58.48	26.48	60.48	93.13	88.55	40.77	18.86	58.57	54.36	160.61	105.99	50.50	38.69	27.02	26.61	37.94	52.81	24.44	71.96	57.76	17.98	108.92	49.71	15.26	175.23	30.17	26.12	18.69	14.89	31.48	33.67	76.73	90.97	109.57	165.73	74.52	12.26	51.42	21.43	22.87	207.35
2020-08-24	49.88	59.71	77.19	86.28	182.47	40.35	103.55	95.49	32.60	56.11	26.60	59.80	92.85	86.30	41.94	18.89	56.36	54.35	155.84	106.62	51.09	38.48	26.01	27.02	37.82	52.48	24.28	72.75	58.42	17.46	109.73	50.25	15.10	174.24	29.51	26.18	19.27	14.92	31.86	32.98	75.05	91.20	107.84	162.96	75.12	12.24	52.91	21.98	23.31	200.06
2020-08-25	49.79	58.07	75.55	85.45	180.56	40.35	106.08	95.90	32.78	58.06	25.97	59.35	94.68	86.19	41.70	18.64	57.99	55.10	157.69	106.70	49.85	38.84	26.88	27.11	36.99	51.93	24.12	73.76	59.28	17.63	109.04	52.11	15.54	176.33	28.70	26.29	19.35	14.83	31.97	33.77	76.19	91.07	107.44	165.66	76.89	12.26	53.40	22.46	22.58	204.88
2020-08-26	49.72	58.64	78.03	84.35	179.47	40.01	107.51	94.53	33.31	55.49	25.01	59.10	92.87	86.77	41.20	19.36	57.20	54.96	161.15	106.55	50.49	38.42	26.24	27.95	37.47	51.65	24.00	75.09	59.94	17.15	111.07	52.43	15.00	174.67	28.19	26.07	19.18	14.53	31.95	32.92	72.84	91.73	105.46	170.10	77.82	12.50	53.98	22.68	23.16	205.88
2020-08-27	48.69	59.94	77.34	86.01	178.11	40.57	110.07	92.59	32.42	57.59	25.42	58.82	93.12	88.59	40.24	19.81	54.86	54.79	161.40	107.05	49.01	38.53	27.31	27.59	37.12	50.38	23.96	74.56	59.16	17.80	113.70	52.55	14.84	177.78	28.92	25.97	18.98	14.70	31.66	31.99	72.01	93.20	104.09	166.87	75.95	12.49	54.97	23.37	23.12	199.07
2020-08-28	49.11	59.32	77.07	87.21	177.75	39.90	109.49	91.65	31.43	58.71	26.06	58.61	92.79	88.57	41.57	20.50	55.72	53.90	166.63	106.73	49.35	39.44	27.59	26.95	37.89	51.65	23.89	75.94	58.10	17.59	111.11	53.37	14.94	179.28	28.98	25.66	18.59	14.61	31.32	30.93	71.20	94.11	104.34	170.11	78.68	12.52	56.13	23.25	23.17	196.33
2020-08-29	48.31	58.04	76.65	86.42	176.38	39.77	112.59	91.85	31.83	59.98	25.89	58.21	92.34	92.48	42.37	19.71	55.34	53.46	162.91	107.73	50.93	38.16	27.63	27.92	38.37	51.81	23.95	76.32	59.33	17.46	107.61	54.62	15.01	182.25	28.90	25.87	18.67	14.45	32.30	30.61	70.02	95.20	105.37	175.58	75.49	12.17	57.75	24.00	22.79	199.18
2020-08-30	47.47	59.23	77.71	88.02	176.20	40.56	110.11	93.64	32.04	61.86	25.53	58.18	91.63	91.71	43.19	19.93	54.05	54.30	170.42	106.46	49.19	37.93	27.33	28.30	37.11	51.55	23.89	76.97	58.59	16.95	111.91	52.79	14.73	179.10	29.11	26.00	18.52	14.43	33.25	29.75	73.14	94.29	102.33	179.04	78.38	12.16	58.53	23.54	22.32	199.65
2020-08-31	47.39	58.18	79.76	87.44	178.69	39.79	107.78	91.59	32.86	64.08	25.26	57.78	92.07	89.26	44.77	20.66	54.31	54.56	176.96	107.21	49.20	38.73	27.75	27.82	36.75	53.12	23.72	75.83	59.00	16.33	107.39	53.85	15.14	180.97	28.55	26.40	18.45	14.17	33.93	29.32	70.03	94.97	101.50	181.16	76.52	12.48	58.63	23.45	22.23	195.51
2020-09-01	46.50	57.54	79.73	88.74	179.00	40.29	109.54	93.92	32.83	63.03	24.96	57.12	93.28	90.25	43.30	21.20	53.76	53.88	183.68	107.52	47.86	38.77	28.40	28.42	35.68	53.09	23.59	76.05	59.48	16.17	107.63	55.58	14.94	184.54	27.91	26.48	18.99	14.10	34.57	28.66	73.17	95.81	100.10	186.63	78.02	12.45	60.26	22.63	22.67	199.45
2020-09-02	47.42	59.39	78.03	91.13	179.10	39.91	106.65	95.06	32.79	64.49	25.56	57.02	92.95	87.28	42.38	21.96	54.68	53.87	178.72	109.24	48.10	37.96	29.43	27.51	37.00	51.16	23.57	76.49	59.17	16.56	105.39	53.08	15.22	186.36	28.00	26.68	19.33	14.23	35.22	27.99	72.07	95.27	99.51	191.32	76.43	12.13	62.04	21.83	22.82	202.48
2020-09-03	46.44	57.38	76.74	90.98	178.10	39.68	109.63	97.55	33.60	64.76	24.47	57.63	92.59	87.95	42.92	21.84	52.50	53.66	178.77	110.34	48.94	38.54	30.50	28.37	37.90	52.07	23.32	75.60	58.27	16.71	101.49	53.92	15.12	187.61	28.03	26.39	19.90	14.50	34.35	28.76	74.61	94.48	100.71	196.02	78.63	12.43	63.40	22.64	23.29	210.70
2020-09-04	46.73	55.33	75.63	91.11	177.18	38.87	112.02	96.16	32.79	63.72	24.47	57.02	92.93	85.83	42.03	21.01	51.21	54.45	181.27	112.00	49.40	38.16	29.70	27.90	36.88	51.62	23.54	76.87	57.23	16.41	102.46	52.03	15.69	184.76	27.55	26.47	20.18	14.39	33.24	29.18	74.82	95.47	98.35	201.59	77.62	12.09	62.60	23.25	23.72	208.93
2020-09-05	46.17	55.69	78.09	88.75	176.22	38.83	114.92	94.09	32.14	61.45	23.65	57.37	94.05	87.36	42.97	20.54	51.17	55.13	185.56	110.06	49.32	36.88	29.54	27.56	37.29	50.34	23.76	76.11	58.09	16.13	105.29	50.65	15.61	187.02	27.86	26.32	19.78	14.42	33.94	28.39	76.89	94.56	98.11	206.22	80.65	12.33	60.62	23.13	24.20	204.58
2020-09-06	45.87	55.17	80.61	90.08	175.25	38.61	117.65	92.93	32.85	58.71	24.63	57.04	93.80	87.04	44.35	21.33	50.97	54.38	186.41	112.07	47.77	36.78	28.94	26.74	37.12	50.70	23.58	76.77	56.99	16.26	103.54	48.48	15.65	185.32	28.22	26.49	19.58	14.37	33.75	29.21	78.35	94.87	99.93	212.54	80.05	12.14	62.37	23.55	24.35	197.32
2020-09-07	45.09	57.38	81.93	93.09	175.88	38.36	119.56	94.66	33.55	59.47	24.93	57.21	93.40	87.23	42.97	22.13	51.96	53.87	183.26	112.15	48.32	36.28	28.48	25.77	38.08	50.68	23.49	76.93	56.32	16.11	103.88	49.08	15.86	184.36	27.63	26.68	19.02	14.27	33.57	28.54	78.10	94.01	98.12	208.61	78.02	11.93	62.53	22.93	24.13	195.79
2020-09-08	45.01	57.81	81.41	90.34	174.41	38.38	119.45	93.85	33.10	61.27	25.22	57.02	94.89	89.61	41.55	22.51	53.53	54.20	178.27	110.71	47.32	35.27	28.89	26.10	39.48	50.11	23.66	77.69	57.10	15.65	102.19	47.18	16.50	181.43	27.87	26.48	18.40	14.40	33.68	28.03	75.81	95.47	97.73	213.27	79.81	11.94	62.95	23.46	24.86	199.75
2020-09-09	45.42	56.02	82.53	88.41	177.02	39.06	121.70	92.47	33.78	60.05	26.28	56.69	93.53	87.38	41.54	22.58	52.61	54.98	176.33	111.40	47.72	34.82	29.36	25.42	39.48	48.60	23.41	76.90	58.34	16.21	101.95	46.14	16.39	178.35	27.74	26.63	18.29	14.31	33.84	28.38	77.17	95.71	98.74	207.75	77.24	12.01	63.43	23.95	24.88	200.14
2020-09-10	45.75	54.19	81.66	90.82	178.29	39.77	118.53	91.68	34.09	57.32	27.39	56.78	93.65	88.46	39.99	22.81	52.05	54.69	175.58	112.27	47.74	35.20	29.56	25.55	38.31	50.55	23.30	77.91	58.35	15.72	103.52	45.36	16.96	181.64	27.53	27.00	18.50	14.14	33.99	28.53	80.62	95.31	99.39	207.94	74.84	12.08	64.80	23.57	25.43	193.34
2020-09-11	45.90	54.99	82.46	88.83	176.42	39.94	117.16	91.20	35.10	55.87	27.08	56.87	91.77	89.80	40.52	22.69	52.24	53.81	172.51	110.86	46.25	35.12	30.16	26.50	37.52	48.88	23.06	78.49	58.99	15.21	104.71	44.38	16.51	179.72	27.31	26.79	18.06	14.14	34.57	29.44	80.48	96.72	97.70	207.03	77.51	12.42	63.63	22.71	25.23	195.50
2020-09-12	45.11	55.21	81.30	91.09	176.24	39.87	115.52	89.27	35.14	55.68	26.94	56.95	91.92	92.17	39.79	22.59	53.39	53.02	167.89	111.09	45.98	34.20	29.61	25.79	37.39	50.81	23.03	79.10	58.90	14.69	104.13	45.61	16.00	178.22	27.33	27.02	18.00	14.05	34.27	29.23	77.17	97.66	96.71	203.08	80.42	12.46	65.45	22.08	25.39	193.76
2020-09-13	45.25	55.18	83.88	89.57	176.94	39.55	115.38	90.58	35.29	56.61	27.31	56.65	91.67	89.41	38.68	22.99	52.72	53.84	162.96	109.30	45.18	33.75	29.08	26.04	36.19	51.45	23.00	78.72	59.92	14.27	106.88	45.91	16.61	178.00	27.41	27.40	17.52	13.97	33.90	30.12	77.29	97.39	98.23	199.38	82.60	12.79	64.56	22.32	25.66	189.28
2020-09-14	44.88	57.36	85.82	87.59	179.34	39.06	117.75	89.15	35.80	56.20	27.58	55.97	93.64	88.36	37.66	23.24	53.01	54.76	162.24	110.21	46.14	33.84	27.84	25.48	36.72	50.11	23.18	78.03	59.72	14.32	106.84	44.70	16.46	179.77	27.69	27.64	17.57	14.02	32.81	29.34	80.46	98.58	96.23	198.91	84.87	12.59	65.30	22.76	25.61	190.97
2020-09-15	44.08	57.02	87.86	87.37	180.47	39.13	120.06	90.51	36.52	54.03	27.44	55.95	92.66	91.05	36.68	24.19	52.63	54.19	163.16	108.55	45.28	33.95	27.92	25.51	37.90	50.37	22.98	79.11	60.88	14.57	105.73	43.21	16.74	182.11	27.06	27.84	17.77	14.27	33.08	29.57	77.58	97.52	95.99	201.74	82.28	12.54	64.58	23.59	25.27	195.17
2020-09-16	43.83	56.10	89.02	89.78	178.75	39.79	116.98	93.25	36.10	52.39	28.42	55.55	91.74	94.37	37.27	24.57	51.95	54.42	169.98	108.29	44.79	32.83	27.29	25.28	37.56	49.68	23.13	78.10	61.80	14.43	106.76	42.93	17.25	179.05	26.62	27.65	17.66	14.05	33.42	29.12	78.69	97.03	96.66	202.53	80.95	12.40	62.87	22.80	25.72	194.61
2020-09-17	44.08	54.67	86.86	91.92	177.21	40.53	118.05	93.02	37.17	52.09	28.30	55.10	90.79	93.78	37.35	23.70	49.80	54.30	173.06	108.66	43.24	33.14	26.46	25.43	38.45	48.76	23.28	77.47	62.91	14.90	103.09	42.76	17.21	175.92	25.93	27.61	17.58	14.23	33.43	28.54	81.20	98.02	94.82	206.45	83.88	12.21	63.04	23.19	25.51	193.40
2020-09-18	43.88	53.60	86.82	94.42	179.67	39.86	119.03	91.55	37.29	50.09	28.82	55.36	92.43	92.23	36.32	23.75	49.44	54.55	166.39	108.34	44.14	32.30	26.13	24.83	37.12	48.77	23.34	77.87	62.65	14.47	105.00	43.64	17.61	174.67	25.55	27.47	18.03	14.29	34.34	27.68	81.54	96.86	92.30	210.48	87.25	12.47	63.19	22.83	25.49	187.60
2020-09-19	44.62	52.54	85.39	95.67	182.31	40.21	120.95	92.20	37.13	51.04	27.70	55.35	93.92	93.01	36.03	23.59	48.51	55.48	168.80	110.03	44.93	31.74	25.87	24.13	37.47	48.38	23.53	77.78	61.57	14.98	109.10	42.38	17.10	173.91	24.96	27.92	18.15	14.30	35.04	27.33	85.03	97.29	93.00	209.28	84.48	12.63	64.48	22.88	25.43	184.14
2020-09-20	44.78	52.44	84.75	96.15	184.89	40.25	118.17	93.15	36.24	50.17	27.27	55.11	92.88	93.27	37.25	22.93	50.29	56.02	170.57	109.84	45.25	31.33	24.90	24.87	38.42	47.95	23.51	78.24	60.99	14.95	107.22	44.43	17.21	177.53	25.13	28.35	18.38	14.38	36.10	26.71	84.73	96.82	95.38	210.34	81.21	13.00	63.09	23.26	25.77	178.93
2020-09-21	45.37	50.76	82.69	96.49	186.67	39.88	116.91	95.89	35.99	51.39	28.10	55.43	93.93	89.88	37.47	23.46	49.04	56.45	175.02	109.05	46.45	32.15	24.75	25.60	38.53	46.65	23.52	76.84	61.27	14.67	107.42	45.73	17.90	175.72	25.55	28.77	18.88	14.24	35.41	27.21	84.35	96.77	96.75	212.39	81.96	12.99	63.34	23.38	25.62	186.08
2020-09-22	45.52	52.24	82.29	97.54	188.88	39.99	114.96	98.81	35.26	50.16	27.20	54.80	95.18	92.25	36.80	23.99	49.88	56.01	173.91	108.68	46.79	32.42	25.17	26.07	37.23	48.54	23.71	75.87	62.13	14.20	107.11	44.63	17.59	173.39	26.13	28.52	19.35	14.08	36.22	27.04	82.45	97.06	97.72	206.95	81.91	13.34	65.14	24.14	25.51	180.13
2020-09-23	44.92	52.27	80.73	94.76	187.78	40.40	112.33	100.65	36.31	51.87	27.58	54.39	97.22	94.79	36.34	23.83	48.18	56.07	179.46	106.86	47.82	32.96	24.42	25.75	37.75	47.25	23.63	76.83	63.18	14.52	111.56	46.32	17.27	174.97	26.32	28.34	19.54	14.27	36.55	27.54	83.10	98.29	96.81	206.92	82.92	13.51	63.65	24.85	25.09	182.48
2020-09-24	44.12	53.01	81.19	96.68	185.72	39.50	110.69	98.37	36.48	53.91	26.75	54.65	95.66	92.20	35.64	23.39	49.12	55.47	186.59	105.69	46.55	32.26	25.11	26.32	36.42	48.71	23.63	77.14	64.26	14.61	108.80	47.01	16.99	171.85	26.60	28.26	19.78	14.25	37.75	27.01	86.08	97.26	99.37	210.16	83.64	13.24	62.49	24.06	25.62	179.20
2020-09-25	43.67	52.79	81.12	95.93	187.09	38.66	110.84	100.23	37.07	56.29	27.83	53.96	96.45	89.90	34.76	24.17	48.42	55.30	188.28	105.01	44.76	32.73	25.98	25.57	36.63	49.55	23.46	78.18	65.68	14.29	108.02	47.01	16.76	172.48	26.74	28.11	20.41	14.29	38.64	28.94	85.02	96.65	96.57	216.92	82.52	12.96	62.26	23.90	24.81	182.13
2020-09-26	44.28	51.85	81.04	98.84	186.65	38.43	109.80	98.30	37.15	57.69	28.49	53.33	95.79	89.95	35.69	23.62	48.28	54.48	179.99	106.22	45.38	33.09	26.65	25.67	35.94	49.00	23.54	77.55	67.14	14.23	106.24	46.09	16.82	172.53	26.24	28.19	20.58	14.11	39.27	29.50	83.83	95.77	94.18	219.87	85.49	13.27	63.26	23.89	24.91	188.32
2020-09-27	44.18	50.59	78.90	101.97	189.29	38.80	111.02	95.94	37.70	57.51	28.43	53.05	95.97	91.19	36.42	23.79	47.91	53.64	175.55	105.45	46.79	33.14	25.55	25.50	36.65	48.03	23.61	77.96	68.00	13.72	101.94	46.33	17.36	170.33	26.69	28.10	20.59	14.20	39.78	30.26	81.87	95.99	92.84	218.85	85.26	12.95	62.52	24.27	25.25	195.76
2020-09-28	43.80	51.71	79.30	99.34	190.44	39.14	111.56	93.44	37.96	59.54	28.10	52.55	97.77	91.43	35.70	23.70	47.50	54.53	169.45	107.66	45.29	33.05	25.26	25.78	35.26	46.80	23.39	78.71	67.72	14.15	102.81	46.25	17.59	168.48	26.68	27.82	20.10	14.07	39.68	31.25	83.19	97.52	94.79	212.33	88.38	12.89	62.03	24.83	25.39	203.51
2020-09-29	43.51	52.03	81.59	101.82	189.34	39.62	112.73	92.11	37.48	61.55	29.21	52.59	97.86	91.29	35.06	24.30	48.10	54.56	163.44	108.01	45.80	33.73	25.82	26.51	35.69	48.11	23.64	78.48	66.11	14.50	98.83	46.45	17.64	167.76	26.93	27.87	20.51	14.02	38.49	31.96	82.85	97.54	92.43	207.92	88.51	12.82	63.63	25.43	25.05	201.22
2020-09-30	43.26	53.95	83.19	102.64	192.47	39.90	112.33	92.79	37.46	61.11	30.30	52.51	96.94	89.95	34.36	23.33	48.47	55.00	163.58	107.63	45.20	33.98	25.90	25.56	36.54	47.20	23.57	79.10	65.30	15.02	94.93	45.45	18.16	169.95	26.49	28.23	20.11	14.04	38.08	32.48	83.32	97.50	91.21	210.65	89.93	12.90	65.21	25.54	24.76	202.53
2020-10-01	43.66	53.42	83.26	104.24	194.65	40.65	115.24	90.53	38.25	61.82	29.34	52.57	98.26	87.33	33.39	24.16	50.16	55.62	159.78	107.12	44.41	35.00	26.90	25.35	36.24	45.97	23.45	77.95	65.79	14.79	97.94	43.67	18.76	167.14	26.04	28.63	19.82	13.86	38.78	31.78	82.55	97.25	88.55	215.64	87.65	13.03	65.72	25.73	24.79	207.80
2020-10-02	43.85	54.32	82.06	103.58	194.75	40.30	112.98	91.41	38.72	63.22	30.02	53.06	97.90	85.00	32.61	24.63	50.59	56.20	161.69	109.19	45.10	35.35	26.20	25.95	35.78	45.54	23.54	77.74	66.55	14.29	98.89	43.48	18.60	164.99	25.88	28.38	20.08	13.60	39.20	31.38	83.82	97.34	89.01	209.85	87.34	12.71	64.96	24.72	24.84	212.00
2020-10-03	44.23	55.86	81.94	104.72	196.83	40.27	110.94	94.15	38.26	65.59	30.03	53.03	96.82	88.92	31.90	25.53	51.94	56.99	161.70	108.66	43.50	35.36	27.03	25.72	35.26	44.46	23.30	78.56	67.74	14.37	97.28	44.05	18.49	162.91	26.12	28.47	19.59	13.62	39.13	30.66	82.37	98.53	87.98	211.71	85.62	13.04	64.02	24.33	24.92	211.01
2020-10-04	44.41	55.19	82.39	105.54	200.10	40.70	111.25	95.87	37.89	66.49	30.61	53.27	98.54	88.28	32.96	24.87	50.62	56.81	158.28	107.45	41.83	35.34	26.46	25.76	34.59	46.19	23.46	77.58	67.24	14.43	93.89	42.91	18.48	163.97	25.39	28.68	19.28	13.38	39.93	30.81	81.45	98.35	85.89	210.70	87.46	13.14	63.96	25.24	25.22	214.79
2020-10-05	43.73	57.46	83.44	107.95	198.74	39.94	110.14	93.04	37.66	67.24	30.87	53.23	98.28	87.34	33.35	25.41	48.55	56.34	165.42	106.25	42.29	36.56	26.50	25.91	35.33	47.48	23.28	78.54	68.26	13.98	95.38	43.69	18.53	162.65	24.80	28.41	19.58	13.45	41.18	31.81	84.84	99.76	86.95	211.64	87.06	13.49	62.15	25.84	24.58	217.39
2020-10-06	45.49	57.93	81.72	110.94	199.31	40.58	110.62	94.59	37.03	68.20	30.75	52.77	98.74	84.01	34.33	26.42	49.52	56.25	169.48	106.54	43.21	36.22	25.60	26.16	34.50	48.78	23.01	78.89	68.69	13.53	97.13	42.00	18.05	162.30	24.68	28.15	20.11	13.69	41.24	31.26	85.83	100.95	88.68	206.41	84.56	13.40	61.33	26.93	24.38	209.56
2020-10-07	45.36	59.10	83.29	110.69	201.89	39.68	112.08	92.36	37.37	68.20	30.73	52.50	97.73	87.18	35.43	27.08	51.44	55.56	172.79	106.41	43.33	36.03	26.54	26.52	35.49	48.25	23.13	78.52	69.59	13.37	100.21	43.03	18.54	162.48	25.30	28.16	19.61	13.67	41.77	31.05	84.73	100.82	89.79	207.13	85.23	13.08	60.06	26.74	24.28	213.02
2020-10-08	45.07	61.10	84.05	111.34	200.47	39.29	111.60	90.54	37.71	70.87	31.95	52.32	97.72	85.86	36.21	27.09	53.17	55.95	170.79	104.79	44.83	35.88	25.79	26.66	34.45	47.30	23.38	77.72	70.07	13.55	102.83	42.00	18.68	159.74	25.71	28.48	19.87	13.56	42.81	31.52	87.63	101.42	88.63	209.67	85.37	12.95	59.49	25.90	24.22	205.38
2020-10-09	44.91	61.22	81.91	110.79	201.25	39.21	112.30	91.83	37.71	72.66	31.11	52.71	99.19	83.37	35.76	26.09	52.98	56.28	172.50	105.41	45.14	35.41	24.74	27.18	35.52	46.58	23.41	77.99	69.62	13.20	106.09	41.85	19.34	162.02	26.04	28.50	19.25	13.73	41.97	32.16	86.31	100.90	88.25	203.52	88.81	12.69	60.15	25.34	23.88	212.18
2020-10-10	45.24	62.60	83.16	110.40	202.88	39.06	109.80	89.61	37.11	71.08	30.16	53.26	98.38	85.75	32.90	25.36	52.51	56.74	174.54	107.62	45.05	34.51	25.56	26.38	34.45	46.72	23.37	76.63	70.15	13.02	108.12	42.63	19.07	164.50	25.60	28.67	18.67	13.57	42.72	33.17	86.60	100.43	87.48	209.72	85.27	12.81	60.48	24.95	23.64	215.66
2020-10-11	45.21	61.72	83.26	107.40	204.15	39.18	111.63	88.52	37.14	70.64	30.50	53.29	98.63	87.57	33.55	26.16	50.91	57.29	177.90	108.55	45.87	34.69	24.98	25.61	35.77	46.70	23.44	77.49	70.07	12.97	107.87	44.67	19.38	161.50	25.97	28.51	19.20	13.76	43.46	33.53	85.26	101.31	87.16	210.38	88.01	13.04	61.32	25.10	23.24	208.19
2020-10-12	45.35	61.96	83.35	106.53	205.94	38.49	110.65	85.93	36.60	70.35	30.40	53.05	98.78	83.85	33.81	26.47	51.29	56.87	177.26	108.30	46.46	34.23	24.18	26.15	37.12	47.31	23.30	77.20	69.01	13.43	110.76	46.88	19.48	160.60	26.17	28.29	18.90	13.98	44.62	32.65	82.90	102.36	84.92	212.30	84.97	12.80	62.52	25.00	22.57	208.74
2020-10-13	46.20	63.51	85.92	104.87	206.66	38.61	110.31	88.20	37.27	73.50	29.33	53.02	100.33	85.12	34.15	26.34	51.33	56.72	175.96	110.08	45.65	33.28	24.10	26.20	36.79	46.88	23.51	77.79	67.86	13.88	113.24	45.59	19.81	159.61	26.61	28.66	18.48	14.04	45.90	32.53	81.20	102.36	83.40	217.98	84.94	12.61	61.37	25.50	22.35	216.44
2020-10-14	47.03	61.59	84.43	107.66	204.56	39.00	110.36	90.94	36.84	75.48	28.22	52.63	99.53	87.11	33.52	27.00	51.11	56.01	175.53	108.71	44.79	34.02	23.53	25.96	36.65	47.11	23.25	76.44	68.25	13.81	116.26	46.22	20.59	162.37	26.21	28.78	18.33	14.28	44.62	33.17	77.87	102.84	82.64	215.80	81.54	12.87	61.94	25.08	22.76	223.19
2020-10-15	47.56	60.92	87.16	106.94	203.28	38.36	109.57	93.63	36.53	72.91	27.57	52.75	101.72	88.55	32.46	27.91	49.41	56.37	178.28	107.55	45.88	33.57	23.99	25.47	35.55	45.97	23.32	77.36	67.57	13.41	113.97	44.02	20.27	161.42	26.16	28.51	18.83	14.54	44.92	32.28	75.96	104.15	84.07	217.65	84.53	12.72	62.56	24.56	23.14	226.08
2020-10-16	48.05	60.13	88.53	108.51	206.22	38.55	107.98	91.16	37.36	72.40	27.23	52.14	102.77	88.34	31.63	27.98	49.98	57.11	181.52	109.28	47.51	32.63	23.67	25.14	36.41	46.69	23.45	78.60	68.08	12.96	110.73	46.12	20.65	164.78	26.65	28.59	19.18	14.52	45.85	31.46	76.07	105.52	84.71	218.93	81.40	12.71	60.83	24.11	23.50	219.26
2020-10-17	47.42	61.97	88.54	105.95	208.82	38.28	110.94	91.23	38.41	74.62	27.24	51.80	103.17	91.99	31.89	28.93	51.50	56.58	186.01	110.70	48.83	33.77	23.76	25.56	37.56	47.84	23.40	78.43	67.64	12.76	110.71	47.53	21.39	164.23	26.07	29.09	19.25	14.52	45.97	31.72	74.28	106.90	82.61	213.41	83.26	12.78	59.00	24.11	22.96	224.33
2020-10-18	47.25	62.35	90.79	105.29	209.31	38.66	113.27	90.79	39.41	77.30	26.94	51.78	103.30	89.29	31.59	28.79	51.84	56.72	190.57	111.07	49.31	34.39	24.59	25.20	37.75	49.76	23.43	77.09	67.25	12.47	112.83	49.34	21.71	166.26	26.53	29.08	19.77	14.72	51.77	32.42	75.39	107.46	83.83	214.22	85.87	12.95	57.20	24.30	22.63	227.84
2020-10-19	47.31	62.18	92.84	107.55	210.39	37.84	111.28	91.96	40.19	77.90	27.95	51.69	104.37	92.34	30.46	29.83	50.10	55.82	185.75	113.10	49.59	34.02	25.26	24.83	37.97	49.55	23.44	77.32	67.77	12.07	115.99	49.49	22.03	165.72	26.50	28.84	19.76	14.47	52.58	32.76	76.99	108.13	84.76	212.67	87.78	13.09	57.07	23.86	22.16	234.04
2020-10-20	47.55	61.43	95.26	105.08	213.76	38.38	113.57	94.29	39.37	76.72	27.01	52.01	104.44	93.20	29.66	30.59	50.95	56.76	177.81	112.12	49.42	35.07	25.37	25.27	36.68	51.04	23.47	76.03	68.65	11.73	119.96	48.12	21.63	167.74	26.52	29.01	19.42	14.38	51.53	32.89	75.02	107.34	87.03	215.02	87.78	13.05	57.06	24.64	21.80	242.86
2020-10-21	46.74	62.21	95.89	106.27	214.11	38.12	116.14	94.46	40.49	75.36	26.11	52.21	105.20	89.31	30.24	30.07	52.63	56.06	171.10	112.92	48.87	35.25	25.25	25.25	36.04	49.60	23.33	76.19	69.08	11.49	123.28	48.09	20.78	168.18	26.97	29.02	19.10	14.32	52.75	33.40	73.62	107.16	89.37	221.42	85.87	13.07	58.28	24.37	21.28	234.68
2020-10-22	46.41	60.08	95.80	107.73	215.98	38.00	115.70	94.53	41.59	75.69	26.41	51.74	105.85	86.02	30.91	29.59	49.61	56.91	171.47	113.13	48.40	34.99	25.22	24.94	36.41	50.29	23.27	77.29	70.15	11.70	125.98	46.02	20.69	171.07	26.60	29.49	18.48	14.43	52.80	32.69	75.61	108.46	91.43	219.02	88.41	12.82	58.66	24.89	20.78	231.40
2020-10-23	47.22	60.58	98.66	105.53	214.57	38.49	113.70	93.62	41.76	75.42	25.79	51.36	108.00	84.62	30.40	29.42	47.91	55.97	169.99	115.51	48.83	33.84	26.34	24.93	35.29	51.78	23.18	78.12	71.46	12.07	122.30	47.96	20.13	174.25	26.16	29.63	19.09	14.25	54.47	32.14	78.53	110.08	93.99	217.14	86.06	12.51	57.97	25.20	20.80	223.51
2020-10-24	46.50	62.06	99.09	102.56	216.60	37.81	115.93	92.24	42.53	76.77	26.66	51.00	106.74	83.27	30.73	30.43	49.70	55.26	174.64	115.05	48.81	32.94	27.58	24.44	36.37	51.01	23.05	77.29	71.32	11.99	123.59	47.36	20.32	171.11	25.74	29.96	19.52	14.20	55.88	32.91	77.21	109.83	92.26	221.56	83.50	12.72	56.69	26.00	20.54	229.11
2020-10-25	46.67	60.91	97.68	100.80	219.95	37.76	114.42	90.44	43.33	75.11	27.07	50.85	107.31	86.48	31.21	31.01	48.50	55.81	168.59	115.78	47.47	32.41	27.64	24.67	37.00	51.03	22.90	78.29	69.76	11.54	127.34	45.72	19.95	170.19	25.51	30.37	19.09	14.37	54.99	32.74	77.17	111.38	89.97	215.02	82.62	12.91	55.76	26.58	21.08	238.73
2020-10-26	46.98	60.24	95.54	98.53	219.67	38.50	111.55	90.74	44.06	77.11	27.14	50.42	108.31	85.29	31.68	30.86	46.75	56.13	174.41	113.78	47.84	32.50	28.35	25.46	37.03	48.99	22.68	77.61	69.12	11.07	130.91	44.06	20.23	167.46	25.17	30.45	18.76	14.10	55.89	33.09	75.98	111.37	87.35	208.43	79.34	12.88	56.72	25.84	21.62	233.58
2020-10-27	47.04	59.55	96.48	100.76	220.34	39.20	111.40	88.53	42.82	75.34	27.07	49.96	108.77	88.46	31.36	30.68	45.67	56.51	167.20	112.17	46.73	32.16	28.36	26.24	37.71	48.18	22.49	78.09	69.85	11.25	133.71	45.81	21.06	166.80	25.75	30.29	18.66	14.33	56.24	33.63	74.76	111.38	85.02	212.22	76.57	13.05	57.92	24.88	21.26	236.13
2020-10-28	46.03	59.04	94.90	103.08	221.17	38.97	113.26	89.16	42.47	74.73	27.61	49.75	106.93	86.81	31.96	30.62	47.08	55.56	164.16	113.84	46.73	32.88	28.42	26.29	38.70	47.06	22.41	78.40	69.40	11.18	131.88	47.67	21.65	169.71	25.76	30.66	18.45	14.51	57.62	34.11	72.22	110.17	87.54	214.26	78.67	13.02	57.50	25.82	20.72	235.32
2020-10-29	45.92	61.33	93.19	101.38	221.78	38.91	115.66	87.56	42.80	75.15	26.96	49.59	106.92	87.12	31.91	29.81	48.11	55.43	161.33	116.04	45.76	33.63	28.74	25.78	38.25	46.40	22.53	77.01	69.85	10.74	132.29	47.73	21.22	171.16	25.94	30.31	19.01	14.32	57.28	34.16	71.96	109.24	87.33	209.35	78.62	13.32	57.32	24.80	21.02	237.57
2020-10-30	46.07	62.04	90.69	102.96	221.83	39.66	112.45	88.96	42.72	72.61	26.03	49.68	108.61	90.49	31.67	29.03	48.83	55.41	166.66	117.87	44.91	33.54	27.62	25.15	36.80	45.92	22.77	76.84	70.72	11.08	133.51	47.48	20.50	171.82	25.72	30.46	19.58	14.43	55.78	34.10	71.21	108.58	86.03	205.26	78.90	13.55	55.76	24.78	21.58	235.53
2020-10-31	45.83	61.71	93.61	104.56	223.00	39.93	110.31	91.12	43.01	69.31	25.68	49.99	106.78	93.61	32.60	28.71	49.24	56.35	162.62	119.46	45.90	33.72	28.93	25.10	35.50	47.70	22.63	77.62	70.02	11.29	130.60	45.27	20.38	171.62	26.14	30.86	19.46	14.56	57.31	34.25	71.64	109.79	86.53	201.06	76.84	13.79	55.45	24.49	22.16	235.82
2020-11-01	46.54	62.37	94.12	105.54	225.40	40.01	113.06	90.47	43.59	66.08	24.63	49.33	107.42	95.51	32.15	28.43	50.49	57.12	170.36	120.85	45.77	34.73	28.55	25.22	36.29	49.11	22.48	78.59	68.37	10.82	136.00	44.68	20.25	175.27	25.76	30.64	19.48	14.50	56.85	34.82	71.16	110.23	87.82	203.24	75.75	14.05	54.20	24.73	22.82	243.65
2020-11-02	45.55	62.82	97.06	108.51	228.24	39.16	115.94	91.58	44.46	65.02	25.14	48.74	105.46	92.10	33.30	29.61	48.48	57.69	167.97	120.91	46.89	34.05	27.71	25.69	37.47	50.67	22.53	78.97	69.27	10.71	133.52	43.96	20.11	178.57	25.92	31.19	19.53	14.73	56.97	34.77	71.09	110.08	87.75	201.94	72.72	14.07	53.84	25.07	22.67	241.66
2020-11-03	45.20	62.54	99.66	111.92	230.62	39.65	118.44	91.94	45.50	66.68	24.81	48.18	103.50	91.16	32.23	28.76	49.00	57.01	164.51	121.17	52.35	34.86	28.13	26.22	37.79	49.30	22.72	78.59	69.14	10.75	138.54	45.58	20.00	179.68	26.20	30.83	19.99	14.93	58.03	35.11	73.98	109.41	89.42	199.62	72.72	14.35	55.43	24.14	22.52	244.92
2020-11-04	44.93	60.83	102.92	113.26	230.33	39.30	115.95	91.23	46.13	64.58	23.90	47.68	103.62	92.67	33.29	28.49	47.69	57.28	171.94	123.13	50.92	34.81	29.05	26.45	39.00	48.74	22.57	77.57	68.33	10.70	133.17	44.89	19.65	177.12	26.85	31.05	20.10	15.08	56.70	35.32	76.12	108.19	90.83	200.72	71.92	14.07	56.70	24.31	23.14	246.64
2020-11-05	44.23	59.74	106.00	113.96	232.26	38.64	113.49	93.68	44.87	64.56	24.12	47.78	105.48	91.51	33.50	28.77	47.82	56.92	164.78	121.14	49.85	35.42	30.25	27.03	38.64	47.50	22.50	77.34	69.75	10.85	137.53	43.31	19.87	177.01	27.06	31.19	19.46	15.29	57.63	35.61	77.13	107.27	88.97	201.12	69.07	13.85	57.61	24.81	23.08	252.11
2020-11-06	44.12	58.63	109.17	114.95	230.63	39.03	113.89	91.35	44.78	66.24	23.95	48.28	104.60	90.62	32.75	28.78	48.24	56.63	166.99	122.37	51.34	35.79	31.56	27.52	40.05	46.26	22.61	76.30	68.79	11.20	135.48	41.88	19.10	174.81	26.39	31.32	19.99	15.06	57.94	35.58	74.57	106.80	89.17	196.95	67.75	13.62	58.73	24.90	23.71	255.85
2020-11-07	44.94	60.26	107.28	113.14	229.62	38.38	113.68	91.93	45.82	64.87	23.30	48.31	103.69	87.60	32.92	28.52	48.68	56.35	162.89	122.88	50.71	34.93	32.13	26.92	40.04	45.90	22.38	75.32	68.13	11.57	134.24	43.89	19.79	178.15	26.48	31.73	20.21	14.99	57.28	36.13	75.35	108.46	90.35	196.11	66.71	13.22	58.41	25.83	23.84	257.73
2020-11-08	44.14	59.44	105.85	115.32	228.31	38.71	112.74	93.48	46.85	67.40	22.97	47.81	102.93	90.20	34.12	28.50	46.96	56.54	168.42	120.84	51.32	35.28	32.55	26.77	41.46	45.60	22.60	74.09	69.48	11.35	136.56	42.12	19.06	177.79	26.99	31.43	20.73	14.73	57.48	36.91	72.51	107.33	88.69	197.98	65.39	13.58	58.44	25.27	24.11	268.30
2020-11-09	43.25	60.63	106.76	114.14	231.00	38.29	115.08	92.44	45.43	65.06	23.79	48.26	101.88	94.38	33.18	27.36	46.57	55.80	170.59	119.56	49.77	34.61	31.53	26.77	40.57	46.55	22.49	72.80	69.59	11.02	132.26	41.15	19.17	180.27	27.38	31.43	20.25	14.97	56.25	36.63	75.42	106.56	88.60	199.16	66.10	13.52	57.50	26.06	24.67	276.72
2020-11-10	42.45	59.98	106.83	116.04	232.18	38.85	112.08	94.77	46.33	63.86	24.02	48.44	103.98	96.09	33.08	28.17	47.84	56.74	169.50	118.61	50.12	35.05	30.58	27.54	40.24	47.02	22.26	71.91	68.69	10.89	127.03	39.54	18.55	179.11	27.80	31.54	20.76	14.92	57.49	35.59	73.45	105.52	87.80	203.29	65.34	13.70	57.37	26.36	24.11	272.28
2020-11-11	42.65	62.34	109.46	116.34	230.31	39.10	110.71	93.57	46.95	62.99	24.04	48.03	103.37	95.87	32.56	28.45	48.33	56.02	175.04	119.10	49.10	35.85	30.38	26.97	41.38	46.96	22.11	70.71	68.98	11.06	129.07	39.98	18.63	179.32	28.34	31.53	20.91	14.95	58.35	34.80	72.78	106.36	86.63	209.28	65.37	14.10	56.90	25.73	23.50	266.65
2020-11-12	42.39	63.70	107.91	114.79	231.19	39.03	110.52	92.20	47.08	60.81	23.05	48.07	102.14	97.79	32.39	27.28	47.23	55.08	180.61	118.82	49.54	36.48	31.46	27.77	41.62	48.86	22.29	70.03	70.50	11.19	125.66	38.28	19.34	177.04	28.85	31.25	21.34	15.11	60.26	35.88	69.91	105.78	88.21	205.01	65.96	14.34	56.07	25.26	23.86	260.05
2020-11-13	42.90	64.25	105.58	113.93	228.65	39.03	111.78	91.95	47.17	63.02	22.49	48.22	100.54	98.15	32.40	26.78	45.69	55.44	181.50	118.60	50.60	35.66	31.02	28.10	40.91	49.29	22.23	70.57	70.32	11.00	125.31	39.25	19.66	179.35	28.24	31.53	21.58	14.84	59.54	36.34	72.76	106.77	88.57	202.47	63.78	14.11	54.47	25.91	23.28	269.43
2020-11-14	43.78	63.18	104.88	116.33	230.86	39.76	108.92	92.97	47.04	63.24	22.40	48.35	100.43	98.06	31.36	25.83	46.27	54.68	174.44	116.68	50.15	35.52	30.38	28.47	42.34	49.94	22.47	69.78	69.28	10.87	128.44	37.92	19.27	179.37	28.75	31.44	22.25	14.82	58.42	35.72	72.20	108.35	90.23	196.83	64.80	14.23	54.49	26.13	23.52	272.21
2020-11-15	43.41	62.39	102.11	118.79	231.84	40.52	112.13	92.18	46.66	64.91	22.84	48.28	101.44	96.94	30.97	26.96	45.67	55.06	181.27	118.90	49.54	36.44	30.10	28.46	41.14	50.94	22.61	70.95	68.90	11.00	128.84	36.40	19.83	176.58	28.40	31.13	21.53	14.86	57.69	36.80	73.21	110.12	92.40	199.01	63.84	14.42	55.73	26.18	23.85	262.75
2020-11-16	42.59	64.62	103.55	119.25	231.66	40.37	110.17	90.47	47.98	61.80	23.22	47.93	101.76	101.07	30.26	27.64	45.79	54.44	177.76	119.13	50.19	37.35	30.94	28.33	40.34	49.48	22.43	72.24	67.78	10.57	128.22	38.20	19.13	177.02	27.62	30.89	21.61	14.69	57.23	36.74	71.19	109.15	92.85	203.59	61.30	14.14	56.79	26.25	24.40	272.50
2020-11-17	42.27	67.01	101.67	120.80	229.00	40.26	112.52	92.64	49.38	60.50	23.67	48.04	103.18	99.43	29.30	27.64	44.41	54.57	185.30	118.19	50.84	36.09	30.77	27.68	40.87	50.28	22.20	73.39	69.04	10.52	128.82	40.16	19.29	174.09	27.25	30.85	21.05	14.45	55.66	37.73	71.69	108.76	95.43	209.41	61.12	14.25	55.96	25.53	23.69	263.37
2020-11-18	43.11	65.57	101.47	120.16	228.24	39.64	110.88	94.29	49.58	57.91	24.10	47.55	104.55	96.52	29.61	28.81	43.89	53.87	193.77	118.40	51.18	36.43	29.66	26.71	42.12	48.23	22.40	73.80	69.42	10.78	133.87	41.37	18.94	175.15	27.37	30.75	20.83	14.62	56.93	37.54	71.03	110.53	96.15	208.71	58.88	14.68	57.36	24.56	24.38	268.49
2020-11-19	43.16	64.87	100.93	122.63	225.61	40.22	114.16	95.74	48.02	57.35	24.66	47.87	106.23	92.99	29.34	28.89	42.61	53.43	196.19	118.42	50.29	36.71	28.41	27.44	43.52	48.58	22.62	74.96	69.25	11.04	132.80	39.66	19.04	172.44	26.68	30.72	20.14	14.61	55.25	36.72	70.88	111.49	93.47	205.24	60.19	14.74	56.99	23.92	24.63	260.25
2020-11-20	43.21	65.96	103.16	126.67	223.27	40.62	115.03	93.55	48.14	58.41	24.91	47.34	105.29	90.96	29.59	28.23	43.45	52.73	187.60	120.73	50.39	36.04	27.27	26.48	42.99	47.28	22.64	75.53	70.55	11.14	130.59	38.12	19.07	173.38	26.70	30.62	20.47	14.30	54.50	35.95	69.02	112.28	95.09	208.29	59.46	15.04	55.39	24.44	25.33	271.21
2020-11-21	42.44	66.29	102.90	128.02	226.38	41.08	117.45	92.60	47.69	58.76	24.66	47.46	106.15	95.10	30.26	27.83	45.12	52.33	192.51	122.22	50.25	34.88	26.04	25.61	42.11	46.51	22.53	76.70	69.84	10.87	134.26	36.35	18.66	173.61	27.33	31.14	20.63	14.17	54.71	36.94	66.97	113.39	95.61	203.34	59.94	15.46	53.85	23.75	25.73	269.17
2020-11-22	42.51	68.44	105.52	126.66	225.79	41.40	120.09	94.46	46.67	59.00	24.07	47.67	108.07	95.16	30.95	27.61	44.64	51.79	184.41	122.47	49.10	35.32	25.35	25.20	42.85	46.47	22.47	77.11	69.91	10.51	139.85	35.41	18.64	172.68	27.01	30.80	20.24	13.90	55.47	36.18	68.08	112.14	95.06	206.82	62.37	15.57	55.08	23.32	26.41	276.13
2020-11-23	43.32	69.93	106.79	128.69	227.88	42.11	118.12	94.89	46.49	61.51	24.86	47.89	108.86	96.78	31.38	27.33	43.25	51.58	206.88	122.10	50.90	36.34	24.89	25.13	43.17	44.94	22.45	76.50	68.51	10.14	140.11	34.52	19.09	175.32	26.41	30.68	20.76	13.77	54.59	36.39	70.97	112.40	95.99	209.28	62.44	15.46	55.96	23.61	26.67	280.66
2020-11-24	42.85	72.35	108.04	128.71	227.36	41.87	114.96	96.68	45.90	61.47	24.02	48.23	111.10	99.56	31.78	28.25	44.24	50.67	214.48	122.82	49.64	35.41	24.98	25.47	44.45	43.76	22.63	75.59	67.52	10.49	136.54	34.40	19.02	178.78	26.43	31.01	20.54	13.88	54.22	36.73	72.88	112.13	98.85	213.93	64.41	15.46	55.01	24.63	27.01	289.32
2020-11-25	43.28	72.30	107.08	129.61	224.93	42.13	116.49	99.21	45.16	60.78	24.85	48.16	109.23	101.76	32.51	27.55	44.64	50.15	222.21	124.49	48.71	35.88	25.89	25.92	45.77	43.17	22.37	76.86	66.93	10.05	137.25	35.50	19.25	181.19	26.53	30.89	20.54	13.64	55.01	36.07	75.48	112.21	101.23	208.02	65.85	15.59	56.14	24.33	27.49	298.24
2020-11-26	43.09	71.82	109.25	130.61	227.58	42.71	116.73	97.38	45.87	57.82	24.06	47.97	107.76	99.74	32.08	28.53	43.59	49.30	227.80	123.07	49.94	37.01	25.20	26.89	45.88	43.27	22.30	75.82	65.41	10.17	135.09	35.91	19.08	178.20	26.24	31.42	20.36	13.59	53.48	36.16	74.99	112.59	98.51	202.36	64.45	15.75	54.46	24.37	28.01	289.43
2020-11-27	43.81	73.30	108.81	132.08	230.66	42.44	113.99	97.89	46.09	55.27	23.14	48.17	108.88	96.12	31.35	27.47	43.65	49.09	228.86	122.28	49.17	37.29	24.51	26.52	47.33	42.05	22.37	76.17	64.64	9.99	133.16	35.06	19.14	180.42	26.18	31.20	20.93	13.35	54.95	36.16	75.89	113.10	101.07	204.34	66.93	16.05	55.47	23.85	28.37	290.77
2020-11-28	43.99	74.02	108.72	135.77	234.48	41.56	115.54	100.81	46.40	56.27	22.42	48.24	107.89	97.81	32.12	27.18	43.74	49.45	238.03	120.76	49.39	37.00	25.19	25.77	47.68	41.99	22.10	76.86	63.83	9.99	138.73	34.12	18.76	177.87	26.88	31.42	21.61	13.07	53.62	35.15	72.68	112.74	98.63	202.85	66.00	16.19	56.50	23.95	28.68	280.14
2020-11-29	43.77	71.89	106.51	136.25	233.91	40.81	116.39	98.83	47.63	54.67	22.59	47.94	108.29	98.07	33.06	26.41	42.20	49.01	232.24	122.47	49.11	37.82	25.26	25.62	47.53	41.70	22.21	77.03	63.98	9.80	142.60	33.96	18.52	174.71	26.71	31.30	21.79	12.87	52.66	34.12	69.70	112.79	98.09	200.24	67.36	16.22	55.39	23.26	28.17	272.02
2020-11-30	43.61	73.97	104.62	138.88	234.01	41.00	113.80	100.34	48.51	55.24	22.18	47.34	108.50	97.07	33.44	25.69	40.49	49.83	233.12	121.18	47.69	38.29	25.76	26.26	46.74	41.86	22.02	76.53	63.84	10.18	147.29	32.33	18.27	174.33	26.50	31.27	21.07	13.11	52.18	35.08	68.80	113.76	99.57	203.06	68.38	16.34	55.22	22.80	28.38	265.27
2020-12-01	43.84	74.22	103.32	135.77	233.69	41.35	111.13	102.88	47.32	56.23	21.81	47.83	107.77	95.56	34.57	24.61	41.31	50.68	228.36	121.41	47.32	37.03	25.53	25.67	47.57	43.23	21.95	75.55	64.69	10.30	150.19	33.12	18.72	171.10	26.13	30.95	21.30	13.05	53.11	35.86	71.84	113.40	101.25	197.27	67.42	16.45	55.82	23.09	29.10	266.15
2020-12-02	44.22	74.42	101.95	138.00	233.84	41.81	112.21	106.04	46.11	58.68	22.26	47.63	108.24	94.66	33.94	24.09	40.96	50.58	232.47	119.64	45.60	37.29	25.14	26.43	48.39	43.95	22.17	75.54	64.84	10.23	146.19	33.53	18.23	168.69	25.81	31.15	21.57	12.88	54.73	34.75	74.82	112.63	103.45	192.72	68.23	16.73	54.52	22.55	28.33	256.42
2020-12-03	44.01	76.64	99.45	134.26	233.13	42.03	109.37	103.80	44.92	60.31	22.15	48.01	107.50	96.55	33.00	23.20	40.03	51.14	235.33	117.54	44.32	37.45	24.77	25.71	48.92	45.65	22.27	75.95	64.32	10.41	146.05	31.96	17.55	170.13	25.65	31.44	21.13	12.68	53.74	35.40	74.27	113.66	100.89	188.06	66.56	16.49	53.79	22.60	28.46	265.32
2020-12-04	43.92	79.03	102.30	133.08	235.57	42.45	109.03	105.92	44.37	61.40	22.33	47.74	108.40	92.82	32.74	22.88	40.63	50.29	227.63	119.97	43.70	37.04	25.67	25.26	48.54	46.60	22.39	74.77	62.94	10.03	140.69	32.86	17.05	170.09	26.00	31.68	21.00	12.73	54.47	34.23	77.57	112.40	100.11	190.89	66.53	16.85	54.23	22.35	28.71	273.59
2020-12-05	44.42	80.16	99.82	129.05	236.54	41.52	108.54	104.23	44.28	60.28	23.17	47.38	109.45	90.19	33.02	22.05	39.25	50.42	228.21	120.33	42.16	38.02	26.83	25.90	48.42	46.88	22.42	75.58	63.79	10.37	137.07	32.86	16.52	173.19	26.29	31.94	20.92	12.62	54.59	34.46	77.52	113.94	101.02	192.58	69.09	16.97	53.61	21.48	29.32	275.37
2020-12-06	44.28	82.83	97.83	127.28	236.80	41.33	107.91	105.04	44.69	59.38	23.64	47.48	109.51	89.78	33.65	22.30	38.83	49.89	226.34	120.43	42.36	37.55	26.25	25.40	46.90	47.79	22.50	74.36	63.28	10.46	140.74	32.43	15.96	170.73	25.69	32.37	21.33	12.49	54.57	34.87	78.16	115.74	98.67	196.28	69.93	16.82	54.85	21.02	29.21	267.13
2020-12-07	44.58	79.88	98.85	124.24	234.41	40.54	110.56	104.62	45.56	61.39	24.15	46.89	109.81	88.40	32.63	23.23	39.77	49.11	220.94	118.85	42.29	38.18	26.14	25.18	46.29	47.29	22.39	74.92	63.52	10.81	139.64	32.63	16.51	170.99	25.04	32.83	21.70	12.67	51.78	33.80	78.29	117.09	99.14	193.08	68.19	17.20	53.56	20.43	29.02	274.11
2020-12-08	48.13	82.97	97.91	120.90	232.83	40.98	108.40	106.34	44.72	63.59	24.09	46.55	109.70	78.71	33.32	23.93	39.16	49.09	227.18	117.16	42.95	38.68	25.51	25.56	46.70	45.68	22.62	74.15	62.94	10.59	134.36	32.95	17.17	173.13	24.38	33.19	21.68	12.71	51.81	34.36	75.17	116.32	101.55	192.73	67.94	16.76	54.23	20.38	29.21	274.32
2020-12-09	48.23	86.07	97.31	122.28	232.77	41.27	106.93	108.47	43.93	60.87	24.42	46.22	107.69	76.01	32.94	23.01	39.47	49.05	218.09	116.87	44.23	38.20	24.45	24.67	48.16	45.86	22.37	73.78	64.34	10.50	138.53	34.60	16.90	174.62	24.90	33.23	22.35	12.62	53.04	34.28	75.31	116.83	100.77	194.09	66.65	16.70	52.77	20.22	29.76	266.35
2020-12-10	48.04	85.75	95.88	119.99	235.90	40.96	109.90	108.40	43.31	63.71	25.30	45.77	108.99	77.22	32.96	23.91	40.00	48.91	218.71	117.17	43.11	37.76	24.26	25.24	49.28	44.22	22.47	73.72	64.58	10.88	135.39	33.53	16.71	175.39	25.23	33.55	21.94	12.41	51.81	33.76	76.10	118.51	102.32	195.82	64.92	16.23	52.01	19.91	29.81	256.39
2020-12-11	47.52	85.35	95.77	122.05	235.70	40.97	109.17	106.04	42.28	63.68	25.77	46.04	110.71	76.94	33.06	24.60	38.55	48.41	209.61	116.68	41.75	38.24	24.25	25.68	50.34	45.41	22.40	73.06	65.85	10.67	133.63	33.03	16.52	174.89	25.05	33.67	21.41	12.38	52.04	33.39	79.48	118.44	102.67	190.89	62.83	16.48	50.37	20.19	30.08	253.04
2020-12-12	46.96	84.28	95.95	122.74	234.40	40.99	106.40	106.14	41.53	64.23	26.68	45.96	111.72	76.93	33.50	24.36	37.68	47.61	207.20	115.29	40.23	38.78	24.21	25.14	49.12	46.19	22.24	72.40	65.39	10.46	135.10	34.73	16.89	174.80	25.20	33.83	21.91	12.31	50.63	33.99	82.68	117.28	100.87	192.32	62.66	16.38	48.78	21.05	30.76	246.62
2020-12-13	46.00	84.35	93.56	123.44	236.09	40.78	109.04	103.57	40.37	63.56	26.20	45.91	114.19	77.80	34.38	24.47	36.56	47.44	201.68	116.70	41.15	38.60	24.21	24.60	48.56	46.42	22.06	71.32	64.06	10.53	133.39	35.57	16.72	173.22	24.54	34.17	21.66	12.08	50.00	33.56	82.30	118.67	100.11	188.44	61.96	16.57	48.87	20.57	31.37	246.64
2020-12-14	45.56	85.74	95.91	122.53	236.95	40.61	110.37	102.88	40.10	63.63	26.62	45.64	115.63	75.78	33.85	23.86	36.19	46.86	202.13	117.63	41.58	37.45	24.89	24.49	48.54	44.85	22.08	71.86	64.40	10.37	133.88	35.94	16.25	174.05	23.87	34.41	21.78	12.07	49.93	34.31	79.71	118.07	98.75	193.39	63.81	16.94	49.06	20.58	31.42	237.72
2020-12-15	45.15	85.38	98.25	126.07	236.75	39.78	111.39	104.56	41.12	65.10	27.09	45.45	114.59	76.17	33.89	24.72	36.77	46.35	210.77	115.94	41.00	38.30	24.95	23.94	50.40	45.85	21.98	71.79	64.76	10.70	128.85	37.77	16.08	174.61	23.89	34.36	21.34	12.31	49.06	33.60	79.89	118.64	97.36	194.71	65.75	16.80	49.10	21.45	30.46	237.56
2020-12-16	44.88	82.79	98.61	122.58	240.31	40.59	111.55	104.03	39.98	63.74	27.10	45.34	116.29	77.41	33.29	24.44	37.48	45.55	217.41	116.34	39.83	37.78	24.30	24.07	50.90	44.89	21.96	70.72	65.55	10.84	128.01	38.65	16.64	176.15	24.23	34.24	21.23	12.20	48.72	32.71	80.20	118.48	99.56	192.06	63.43	16.98	48.54	21.64	31.20	247.14
2020-12-17	44.48	82.29	98.29	120.86	238.03	40.18	107.11	102.69	41.05	61.31	28.14	44.74	114.86	77.24	34.04	25.08	36.48	45.37	223.30	118.45	40.46	38.84	23.18	24.82	50.34	45.67	22.11	69.65	64.74	11.21	126.82	39.08	16.98	173.46	23.69	33.89	20.68	12.16	50.37	33.73	81.67	117.82	100.81	192.37	64.44	16.80	47.23	21.51	30.38	241.64
2020-12-18	45.10	80.03	101.42	120.79	239.02	40.97	110.31	104.07	42.01	60.35	26.94	44.99	114.83	78.39	33.60	25.07	37.10	44.89	229.22	119.15	40.61	38.41	24.25	24.50	50.30	43.88	22.09	70.76	64.95	10.94	125.92	40.32	16.72	174.56	24.13	34.23	20.70	11.97	52.02	34.28	83.56	119.12	99.92	198.73	65.96	16.85	47.24	21.13	29.65	244.07
2020-12-19	44.81	78.17	101.05	124.76	241.20	41.57	107.67	105.54	41.69	62.02	26.93	45.37	116.50	77.73	32.71	24.75	37.41	44.79	224.98	121.36	39.21	39.24	23.30	24.07	50.72	43.69	21.94	71.03	65.89	10.99	126.45	40.05	16.63	173.94	23.58	34.10	20.99	12.19	52.73	33.23	83.99	120.01	101.30	202.41	66.10	16.60	47.61	20.75	29.66	248.54
2020-12-20	45.27	75.83	100.15	125.65	242.17	40.96	107.85	108.36	42.43	62.29	26.54	45.01	115.80	76.69	31.75	25.18	38.63	45.40	221.01	122.22	38.77	39.91	23.34	24.88	51.01	43.62	22.01	71.06	66.93	11.36	126.76	40.10	16.68	176.36	23.28	33.68	20.35	12.18	51.87	32.85	85.60	119.21	103.53	200.47	67.05	16.88	47.49	20.13	29.06	246.14
2020-12-21	44.82	73.55	98.46	128.25	244.50	41.00	109.71	109.70	42.56	63.69	25.56	44.61	114.04	79.14	31.60	24.74	38.19	44.63	218.65	121.87	38.25	38.57	23.20	25.03	51.08	44.05	21.83	71.91	66.11	10.91	122.60	41.36	16.81	177.49	23.90	33.88	21.00	12.04	53.20	32.11	82.77	120.60	103.40	206.91	67.02	16.52	47.04	20.55	29.93	247.73
2020-12-22	45.54	73.60	96.84	132.26	245.56	41.03	110.85	110.80	43.03	65.48	25.78	44.30	114.90	78.78	32.04	24.01	39.16	44.49	211.39	124.43	38.05	38.09	23.16	24.83	51.97	43.66	21.86	72.39	65.60	11.21	118.72	42.86	16.59	176.88	24.38	34.40	21.58	12.09	52.00	31.19	84.37	121.93	105.38	204.55	68.20	16.46	46.64	20.33	29.57	246.46
2020-12-23	45.59	72.65	94.56	130.76	245.96	41.24	113.63	108.98	43.70	66.36	26.36	43.77	113.99	76.11	32.53	22.99	40.35	44.97	202.86	125.29	36.77	38.15	24.02	24.00	52.26	45.18	21.78	72.57	64.89	10.81	120.72	41.60	16.85	177.56	24.32	34.56	20.99	11.94	50.94	30.64	81.10	123.69	107.84	207.22	67.10	16.63	47.65	20.72	29.68	246.10
2020-12-24	45.77	70.40	97.08	134.37	243.53	41.85	110.99	112.07	44.32	66.78	25.63	43.38	112.44	78.18	33.66	23.75	38.83	44.79	203.76	127.56	36.82	37.78	23.78	23.66	51.06	45.78	21.53	71.78	64.84	10.78	125.44	40.98	16.81	181.19	24.71	34.81	21.01	11.77	52.35	30.03	79.45	124.97	105.09	206.18	69.44	16.76	49.02	20.32	29.36	242.56
2020-12-25	45.27	72.79	98.02	137.91	241.69	42.63	113.73	110.23	44.24	68.65	26.24	43.35	111.23	77.45	33.99	23.75	37.23	45.45	205.29	125.60	37.48	38.72	23.18	23.65	50.55	45.52	21.36	71.30	64.78	10.67	125.68	39.88	16.67	179.53	24.53	34.49	21.58	11.78	52.74	29.63	80.04	126.40	104.72	211.82	70.44	17.24	48.50	21.04	29.82	246.28
2020-12-26	45.55	75.01	100.65	138.98	241.27	42.79	115.93	109.03	43.01	65.42	25.68	43.35	111.00	75.54	34.42	23.58	37.82	45.07	214.55	124.72	38.00	39.75	22.80	24.33	52.26	46.86	21.30	71.28	63.24	10.92	130.51	40.72	17.28	182.18	24.62	34.32	21.53	11.56	51.99	28.82	80.48	127.30	102.09	210.67	69.24	17.32	49.93	20.61	30.22	245.59
2020-12-27	45.98	77.93	98.95	138.01	245.04	42.49	116.80	106.45	44.19	62.97	24.89	43.47	109.88	77.73	34.38	23.25	36.25	45.31	207.87	126.55	39.25	39.54	23.19	23.78	53.91	47.18	21.06	70.50	62.22	11.04	130.99	40.94	17.20	185.22	25.20	34.57	21.79	11.77	52.36	27.89	78.45	127.42	101.59	207.56	67.76	16.99	51.16	21.05	30.30	255.43
2020-12-28	46.63	76.68	100.08	140.61	244.85	43.28	114.05	108.49	43.29	62.74	24.52	43.10	108.30	80.70	34.17	23.94	37.18	45.78	214.20	128.70	38.72	40.05	24.25	22.92	55.15	47.81	20.94	71.54	62.90	11.32	128.21	41.88	17.58	189.12	25.68	34.85	21.52	12.00	53.81	28.64	78.67	126.55	100.71	214.28	70.36	17.50	49.91	20.39	30.77	248.59
2020-12-29	45.90	76.34	102.70	138.10	245.24	44.06	111.64	107.63	41.94	61.78	25.24	42.60	106.41	80.06	34.06	24.46	36.89	46.47	209.15	130.64	39.66	40.36	24.31	23.67	55.17	47.99	20.70	70.96	63.96	11.75	126.47	42.62	17.53	190.69	25.73	34.73	21.71	11.86	52.71	29.23	80.27	125.94	99.92	212.02	70.63	17.11	48.69	19.70	31.66	250.58
2020-12-30	46.55	74.76	105.66	134.32	246.55	44.51	110.62	105.14	44.10	58.87	25.83	42.97	105.56	79.65	34.62	23.72	36.99	47.22	203.06	130.08	40.00	40.03	23.86	23.17	55.37	47.13	20.73	70.26	63.13	11.45	128.77	44.06	16.84	187.45	26.03	34.94	22.38	11.95	54.07	29.84	83.94	124.55	101.26	213.50	68.76	16.96	48.26	20.26	30.67	260.17
